resolution,api,page,labels,fields,draws,errors,geomsum,drawsum
128x64,1.15,CONFIRM/acc_cal.lua,4,1,5,0,59e178b2,a797fa14
128x64,1.15,CONFIRM/pwm.lua,3,1,4,0,344954d6,13fc344b
128x64,1.15,CONFIRM/vtx_tables.lua,3,1,4,0,345d0d6f,5697672a
128x64,1.15,PAGES/acc_trim.lua,1,2,10,0,a92b0597,33cd28f2
128x64,1.15,PAGES/battery.lua,2,4,40,0,bc60c0dd,03ad47d1
128x64,1.15,PAGES/failsafe.lua,2,6,74,0,f0c9fea9,06b45a90
128x64,1.15,PAGES/filters1.lua,0,0,0,0,811c9dc5,811c9dc5
128x64,1.15,PAGES/filters2.lua,0,0,0,0,811c9dc5,811c9dc5
128x64,1.15,PAGES/gpspids.lua,0,0,0,0,811c9dc5,811c9dc5
128x64,1.15,PAGES/pid_advanced.lua,0,0,0,0,811c9dc5,811c9dc5
128x64,1.15,PAGES/pids1.lua,0,0,0,0,811c9dc5,811c9dc5
128x64,1.15,PAGES/pids2.lua,0,0,0,0,811c9dc5,811c9dc5
128x64,1.15,PAGES/pos_osd.lua,5,5,50,0,d574b6f7,dad3087d
128x64,1.15,PAGES/profiles.lua,0,2,8,0,efbebbf2,ef7a70a1
128x64,1.15,PAGES/pwm.lua,2,5,60,0,ab7fc3d2,6c79c638
128x64,1.15,PAGES/rates.lua,0,0,0,0,811c9dc5,811c9dc5
128x64,1.15,PAGES/rescue.lua,0,0,0,0,811c9dc5,811c9dc5
128x64,1.15,PAGES/rx.lua,0,0,0,0,811c9dc5,811c9dc5
128x64,1.15,PAGES/simplified_tuning.lua,2,13,185,0,6f675c99,daba0bb5
128x64,1.15,PAGES/vtx.lua,0,0,0,0,811c9dc5,811c9dc5
128x64,1.16,CONFIRM/acc_cal.lua,4,1,5,0,95a1f049,01860663
128x64,1.16,CONFIRM/pwm.lua,3,1,4,0,5b6f1384,cbdbe259
128x64,1.16,CONFIRM/vtx_tables.lua,3,1,4,0,532adbc1,9e9d318c
128x64,1.16,PAGES/acc_trim.lua,1,2,10,0,ee1484ea,98cc25b0
128x64,1.16,PAGES/battery.lua,2,4,40,0,93167c85,f194ad59
128x64,1.16,PAGES/failsafe.lua,2,6,74,0,3b7d60c5,483cb06a
128x64,1.16,PAGES/filters1.lua,3,3,27,0,6d8e5456,2131d366
128x64,1.16,PAGES/filters2.lua,0,0,0,0,811c9dc5,811c9dc5
128x64,1.16,PAGES/gpspids.lua,0,0,0,0,811c9dc5,811c9dc5
128x64,1.16,PAGES/pid_advanced.lua,0,1,2,0,c0871cb2,f2e85b8a
128x64,1.16,PAGES/pids1.lua,7,8,120,0,b87a0042,5a555c09
128x64,1.16,PAGES/pids2.lua,0,0,0,0,811c9dc5,811c9dc5
128x64,1.16,PAGES/pos_osd.lua,5,5,50,0,f571e84d,b9408b35
128x64,1.16,PAGES/profiles.lua,0,2,8,0,0655534e,d9a5771d
128x64,1.16,PAGES/pwm.lua,2,5,60,0,550237a3,6b38fcd8
128x64,1.16,PAGES/rates.lua,13,11,196,0,7ca19bda,a22605d4
128x64,1.16,PAGES/rescue.lua,0,0,0,0,811c9dc5,811c9dc5
128x64,1.16,PAGES/rx.lua,1,3,21,0,00a04bad,1978f56c
128x64,1.16,PAGES/simplified_tuning.lua,2,13,185,0,64432a9e,4478c4a0
128x64,1.16,PAGES/vtx.lua,0,0,0,0,811c9dc5,811c9dc5
128x64,1.18,CONFIRM/acc_cal.lua,4,1,5,0,e31af0ff,40d6512d
128x64,1.18,CONFIRM/pwm.lua,3,1,4,0,c0e9fe30,89b10ef1
128x64,1.18,CONFIRM/vtx_tables.lua,3,1,4,0,28f7818d,7856974c
128x64,1.18,PAGES/acc_trim.lua,1,2,10,0,42781744,64460a58
128x64,1.18,PAGES/battery.lua,2,4,40,0,204dac0d,496c41b9
128x64,1.18,PAGES/failsafe.lua,2,6,74,0,854dd6cd,8d0502c6
128x64,1.18,PAGES/filters1.lua,3,3,27,0,2d49e856,5f124e40
128x64,1.18,PAGES/filters2.lua,0,0,0,0,811c9dc5,811c9dc5
128x64,1.18,PAGES/gpspids.lua,0,0,0,0,811c9dc5,811c9dc5
128x64,1.18,PAGES/pid_advanced.lua,0,1,2,0,6fc41284,1785f55a
128x64,1.18,PAGES/pids1.lua,7,8,120,0,a16bf918,411ee20d
128x64,1.18,PAGES/pids2.lua,0,0,0,0,811c9dc5,811c9dc5
128x64,1.18,PAGES/pos_osd.lua,5,5,50,0,5e0b99e1,dfd58f69
128x64,1.18,PAGES/profiles.lua,0,2,8,0,c7870752,b7c7bca1
128x64,1.18,PAGES/pwm.lua,2,5,60,0,4372e0dd,4fbe8edc
128x64,1.18,PAGES/rates.lua,13,11,196,0,a7098882,1f777ae4
128x64,1.18,PAGES/rescue.lua,0,0,0,0,811c9dc5,811c9dc5
128x64,1.18,PAGES/rx.lua,1,3,21,0,ce97bed5,1e2ba796
128x64,1.18,PAGES/simplified_tuning.lua,2,13,185,0,30992530,836413ca
128x64,1.18,PAGES/vtx.lua,0,0,0,0,811c9dc5,811c9dc5
128x64,1.2,CONFIRM/acc_cal.lua,4,1,5,0,48024908,7492f0e2
128x64,1.2,CONFIRM/pwm.lua,3,1,4,0,dd81b89a,fa7b2c6f
128x64,1.2,CONFIRM/vtx_tables.lua,3,1,4,0,44ab4581,15a7b704
128x64,1.2,PAGES/acc_trim.lua,1,2,10,0,5b80f639,62ca9df6
128x64,1.2,PAGES/battery.lua,2,4,40,0,187bd3bd,7b091001
128x64,1.2,PAGES/failsafe.lua,2,6,74,0,3be3d943,f1c72b02
128x64,1.2,PAGES/filters1.lua,5,7,82,0,95b5c306,03978951
128x64,1.2,PAGES/filters2.lua,0,0,0,0,811c9dc5,811c9dc5
128x64,1.2,PAGES/gpspids.lua,0,0,0,0,811c9dc5,811c9dc5
128x64,1.2,PAGES/pid_advanced.lua,0,1,2,0,eab1ab93,32ee2d8e
128x64,1.2,PAGES/pids1.lua,7,8,120,0,201ae657,d8ef4019
128x64,1.2,PAGES/pids2.lua,0,0,0,0,811c9dc5,811c9dc5
128x64,1.2,PAGES/pos_osd.lua,5,5,50,0,84ac9fd1,fcd482a9
128x64,1.2,PAGES/profiles.lua,0,2,8,0,fc99b924,a8baa0fd
128x64,1.2,PAGES/pwm.lua,2,5,60,0,0359d5d8,d1aff604
128x64,1.2,PAGES/rates.lua,13,11,196,0,1109dca4,8009adde
128x64,1.2,PAGES/rescue.lua,0,0,0,0,811c9dc5,811c9dc5
128x64,1.2,PAGES/rx.lua,1,5,55,0,6b9cfc50,f2fbf50e
128x64,1.2,PAGES/simplified_tuning.lua,2,13,185,0,5472832f,d96b32e3
128x64,1.2,PAGES/vtx.lua,0,0,0,0,811c9dc5,811c9dc5
128x64,1.21,CONFIRM/acc_cal.lua,4,1,5,0,7f333dcf,689c7bd1
128x64,1.21,CONFIRM/pwm.lua,3,1,4,0,1d6ee354,5bf1aa29
128x64,1.21,CONFIRM/vtx_tables.lua,3,1,4,0,df641ecd,aac0b130
128x64,1.21,PAGES/acc_trim.lua,1,2,10,0,87ba7eb4,7730c414
128x64,1.21,PAGES/battery.lua,2,4,40,0,d4fd7f39,0c0f6449
128x64,1.21,PAGES/failsafe.lua,2,6,74,0,aabd9441,f8ec2f56
128x64,1.21,PAGES/filters1.lua,6,9,109,0,0326c342,4e394323
128x64,1.21,PAGES/filters2.lua,0,0,0,0,811c9dc5,811c9dc5
128x64,1.21,PAGES/gpspids.lua,0,0,0,0,811c9dc5,811c9dc5
128x64,1.21,PAGES/pid_advanced.lua,0,1,2,0,976b3b98,12120262
128x64,1.21,PAGES/pids1.lua,7,8,120,0,e1848220,296038e1
128x64,1.21,PAGES/pids2.lua,1,2,10,0,d86daabd,5e8cd01a
128x64,1.21,PAGES/pos_osd.lua,5,5,50,0,b5293b01,cae01875
128x64,1.21,PAGES/profiles.lua,0,2,8,0,8047405a,9c72d725
128x64,1.21,PAGES/pwm.lua,2,5,60,0,2c762ba7,1dd6e898
128x64,1.21,PAGES/rates.lua,13,11,196,0,d3cccbd6,f8a2b9e4
128x64,1.21,PAGES/rescue.lua,0,0,0,0,811c9dc5,811c9dc5
128x64,1.21,PAGES/rx.lua,1,5,55,0,b06a88f4,bfa369e7
128x64,1.21,PAGES/simplified_tuning.lua,2,13,185,0,32150870,083aea9a
128x64,1.21,PAGES/vtx.lua,0,0,0,0,811c9dc5,811c9dc5
128x64,1.26,CONFIRM/acc_cal.lua,4,1,5,0,557e1d18,9f4eb5b2
128x64,1.26,CONFIRM/pwm.lua,3,1,4,0,21f19296,b4a63ed3
128x64,1.26,CONFIRM/vtx_tables.lua,3,1,4,0,8dd06b83,a348aa56
128x64,1.26,PAGES/acc_trim.lua,1,2,10,0,a022628d,b92bcaca
128x64,1.26,PAGES/battery.lua,2,4,40,0,aca38985,c934cb31
128x64,1.26,PAGES/failsafe.lua,2,6,74,0,46baca15,1b110d60
128x64,1.26,PAGES/filters1.lua,6,9,109,0,36a06605,304342e8
128x64,1.26,PAGES/filters2.lua,0,0,0,0,811c9dc5,811c9dc5
128x64,1.26,PAGES/gpspids.lua,0,0,0,0,811c9dc5,811c9dc5
128x64,1.26,PAGES/pid_advanced.lua,0,1,2,0,fdbcd067,a6988a6e
128x64,1.26,PAGES/pids1.lua,7,8,120,0,4633434f,c6746bd1
128x64,1.26,PAGES/pids2.lua,1,2,10,0,75487d18,97c9bcec
128x64,1.26,PAGES/pos_osd.lua,5,5,50,0,eb9a7fcf,ceeb3ea1
128x64,1.26,PAGES/profiles.lua,0,2,8,0,01f75492,29fa6bf9
128x64,1.26,PAGES/pwm.lua,2,5,60,0,46f9cc84,aebccc68
128x64,1.26,PAGES/rates.lua,13,11,196,0,aafa8c2c,5c5d346a
128x64,1.26,PAGES/rescue.lua,0,0,0,0,811c9dc5,811c9dc5
128x64,1.26,PAGES/rx.lua,1,5,55,0,ac50d710,4dbee45a
128x64,1.26,PAGES/simplified_tuning.lua,2,13,185,0,d34014ff,e9f65a2f
128x64,1.26,PAGES/vtx.lua,0,0,0,0,811c9dc5,811c9dc5
128x64,1.31,CONFIRM/acc_cal.lua,4,1,5,0,2f6f05a0,3e6763e6
128x64,1.31,CONFIRM/pwm.lua,3,1,4,0,a3cb3b1e,7f5e3497
128x64,1.31,CONFIRM/vtx_tables.lua,3,1,4,0,b6977023,62711b42
128x64,1.31,PAGES/acc_trim.lua,1,2,10,0,93ed0b99,a3496ea6
128x64,1.31,PAGES/battery.lua,2,4,40,0,532a6cc5,45c8ce41
128x64,1.31,PAGES/failsafe.lua,2,6,74,0,7d2de7fd,f5642b1c
128x64,1.31,PAGES/filters1.lua,6,9,109,0,edaa2649,118b919c
128x64,1.31,PAGES/filters2.lua,0,0,0,0,811c9dc5,811c9dc5
128x64,1.31,PAGES/gpspids.lua,0,0,0,0,811c9dc5,811c9dc5
128x64,1.31,PAGES/pid_advanced.lua,1,3,21,0,c3cf39ad,063ede57
128x64,1.31,PAGES/pids1.lua,7,8,120,0,81a56f8b,72d5c2f5
128x64,1.31,PAGES/pids2.lua,1,2,10,0,353f5c50,092aa54c
128x64,1.31,PAGES/pos_osd.lua,5,5,50,0,00461e13,438b2039
128x64,1.31,PAGES/profiles.lua,0,2,8,0,392e326a,7d5095fd
128x64,1.31,PAGES/pwm.lua,2,7,90,0,fc5dc8d7,78ebd6c9
128x64,1.31,PAGES/rates.lua,13,11,196,0,b339aa0c,c7374fde
128x64,1.31,PAGES/rescue.lua,0,0,0,0,811c9dc5,811c9dc5
128x64,1.31,PAGES/rx.lua,1,6,78,0,d20349da,8a574dab
128x64,1.31,PAGES/simplified_tuning.lua,2,13,185,0,1faf432b,b80501f7
128x64,1.31,PAGES/vtx.lua,0,0,0,0,811c9dc5,811c9dc5
128x64,1.33,CONFIRM/acc_cal.lua,4,1,5,0,8bf8dc7a,0a851e84
128x64,1.33,CONFIRM/pwm.lua,3,1,4,0,bd223e9e,aea3bf8b
128x64,1.33,CONFIRM/vtx_tables.lua,3,1,4,0,dea5b6d3,fcf0982e
128x64,1.33,PAGES/acc_trim.lua,1,2,10,0,21601edf,d5923b12
128x64,1.33,PAGES/battery.lua,2,4,40,0,fd01d3fd,4ea2f309
128x64,1.33,PAGES/failsafe.lua,2,6,74,0,1cf17ded,7563eb7c
128x64,1.33,PAGES/filters1.lua,6,9,109,0,577718ff,0ff6d666
128x64,1.33,PAGES/filters2.lua,0,0,0,0,811c9dc5,811c9dc5
128x64,1.33,PAGES/gpspids.lua,0,0,0,0,811c9dc5,811c9dc5
128x64,1.33,PAGES/pid_advanced.lua,1,3,21,0,90a2f2cd,57535f11
128x64,1.33,PAGES/pids1.lua,7,8,120,0,23b4ba95,41d5c3f9
128x64,1.33,PAGES/pids2.lua,1,2,10,0,44b9c75e,de2dae68
128x64,1.33,PAGES/pos_osd.lua,5,5,50,0,40cd1a63,db0ff835
128x64,1.33,PAGES/profiles.lua,0,2,8,0,cc21227e,4193a059
128x64,1.33,PAGES/pwm.lua,2,7,90,0,df197ead,0c882ac5
128x64,1.33,PAGES/rates.lua,13,11,196,0,3d6fa168,eed2156a
128x64,1.33,PAGES/rescue.lua,0,0,0,0,811c9dc5,811c9dc5
128x64,1.33,PAGES/rx.lua,1,6,78,0,b515055c,2ad669ff
128x64,1.33,PAGES/simplified_tuning.lua,2,13,185,0,dbe55219,9a6de9bd
128x64,1.33,PAGES/vtx.lua,0,0,0,0,811c9dc5,811c9dc5
128x64,1.35,CONFIRM/acc_cal.lua,4,1,5,0,2ede30dc,211604c2
128x64,1.35,CONFIRM/pwm.lua,3,1,4,0,71785366,4339af67
128x64,1.35,CONFIRM/vtx_tables.lua,3,1,4,0,fa5197bb,28e8c732
128x64,1.35,PAGES/acc_trim.lua,1,2,10,0,f5ca7aad,52ece896
128x64,1.35,PAGES/battery.lua,2,4,40,0,51f112e5,9bf3f9a9
128x64,1.35,PAGES/failsafe.lua,2,6,74,0,ea91d39d,1f65057c
128x64,1.35,PAGES/filters1.lua,6,9,109,0,833b4d5d,dec69070
128x64,1.35,PAGES/filters2.lua,0,0,0,0,811c9dc5,811c9dc5
128x64,1.35,PAGES/gpspids.lua,0,0,0,0,811c9dc5,811c9dc5
128x64,1.35,PAGES/pid_advanced.lua,1,3,21,0,3cee1eb5,87f68653
128x64,1.35,PAGES/pids1.lua,7,8,120,0,9f6002ef,0da77e8d
128x64,1.35,PAGES/pids2.lua,1,2,10,0,833f4bc4,7ca228cc
128x64,1.35,PAGES/pos_osd.lua,5,5,50,0,70b995b3,524a26a1
128x64,1.35,PAGES/profiles.lua,0,2,8,0,454aa152,ed69e8bd
128x64,1.35,PAGES/pwm.lua,2,7,90,0,b0ddb4d3,b88b5dc1
128x64,1.35,PAGES/rates.lua,13,11,196,0,575a1da4,d94d17ae
128x64,1.35,PAGES/rescue.lua,0,0,0,0,811c9dc5,811c9dc5
128x64,1.35,PAGES/rx.lua,1,6,78,0,81d18c5e,07562173
128x64,1.35,PAGES/simplified_tuning.lua,2,13,185,0,56d09ef7,42b2a12b
128x64,1.35,PAGES/vtx.lua,0,0,0,0,811c9dc5,811c9dc5
128x64,1.36,CONFIRM/acc_cal.lua,4,1,5,0,7656dc37,9798c61d
128x64,1.36,CONFIRM/pwm.lua,3,1,4,0,086addd0,e14dbbd1
128x64,1.36,CONFIRM/vtx_tables.lua,3,1,4,0,ad753491,56c7f6f0
128x64,1.36,PAGES/acc_trim.lua,1,2,10,0,cc7d38e8,e88cb0e4
128x64,1.36,PAGES/battery.lua,2,4,40,0,c3f86071,50f0fcd9
128x64,1.36,PAGES/failsafe.lua,2,6,74,0,f6756f71,2b133476
128x64,1.36,PAGES/filters1.lua,6,10,125,0,6d7a184b,84735385
128x64,1.36,PAGES/filters2.lua,0,0,0,0,811c9dc5,811c9dc5
128x64,1.36,PAGES/gpspids.lua,0,0,0,0,811c9dc5,811c9dc5
128x64,1.36,PAGES/pid_advanced.lua,2,4,40,0,f36fdf04,9a7297ad
128x64,1.36,PAGES/pids1.lua,7,8,120,0,e9f56604,2248d285
128x64,1.36,PAGES/pids2.lua,1,2,10,0,42dc8d65,c7fa94f6
128x64,1.36,PAGES/pos_osd.lua,5,5,50,0,77fc8011,d828f615
128x64,1.36,PAGES/profiles.lua,0,2,8,0,c7c2a8f2,272061e1
128x64,1.36,PAGES/pwm.lua,2,7,90,0,69b21ff0,712c8222
128x64,1.36,PAGES/rates.lua,13,11,196,0,1819ff72,0e226164
128x64,1.36,PAGES/rescue.lua,0,0,0,0,811c9dc5,811c9dc5
128x64,1.36,PAGES/rx.lua,1,6,78,0,545d6d61,333b82bf
128x64,1.36,PAGES/simplified_tuning.lua,2,13,185,0,8ba9c1dc,139e87f2
128x64,1.36,PAGES/vtx.lua,0,6,72,0,ba3417b0,2822b129
128x64,1.37,CONFIRM/acc_cal.lua,4,1,5,0,57567e26,73381e20
128x64,1.37,CONFIRM/pwm.lua,3,1,4,0,47a22dc6,e56c21b3
128x64,1.37,CONFIRM/vtx_tables.lua,3,1,4,0,2e4dc7ab,978669a6
128x64,1.37,PAGES/acc_trim.lua,1,2,10,0,7920d063,01bb8d4a
128x64,1.37,PAGES/battery.lua,2,4,40,0,8b08fc5d,7499d771
128x64,1.37,PAGES/failsafe.lua,2,6,74,0,5f53ab1d,47d7e47c
128x64,1.37,PAGES/filters1.lua,6,10,125,0,3dcec799,820a08c2
128x64,1.37,PAGES/filters2.lua,0,0,0,0,811c9dc5,811c9dc5
128x64,1.37,PAGES/gpspids.lua,0,0,0,0,811c9dc5,811c9dc5
128x64,1.37,PAGES/pid_advanced.lua,2,4,40,0,7d7627bc,c87d7b05
128x64,1.37,PAGES/pids1.lua,7,8,120,0,84c1a639,bf8425d9
128x64,1.37,PAGES/pids2.lua,1,2,10,0,25afd882,071c0590
128x64,1.37,PAGES/pos_osd.lua,5,5,50,0,16b28343,920fdc35
128x64,1.37,PAGES/profiles.lua,0,2,8,0,ebcaaa8e,9878d671
128x64,1.37,PAGES/pwm.lua,2,7,90,0,8e28d6ed,aa6f314e
128x64,1.37,PAGES/rates.lua,13,13,256,0,6fb81547,ca23ae20
128x64,1.37,PAGES/rescue.lua,0,0,0,0,811c9dc5,811c9dc5
128x64,1.37,PAGES/rx.lua,1,6,78,0,ac5609f0,e50a0c4f
128x64,1.37,PAGES/simplified_tuning.lua,2,13,185,0,d724cf05,a5763f11
128x64,1.37,PAGES/vtx.lua,0,6,72,0,d07fe0f3,c77bc5f5
128x64,1.38,CONFIRM/acc_cal.lua,4,1,5,0,eee5ded1,5f215ba3
128x64,1.38,CONFIRM/pwm.lua,3,1,4,0,067a750c,3b4a1799
128x64,1.38,CONFIRM/vtx_tables.lua,3,1,4,0,7802683d,7ac1c210
128x64,1.38,PAGES/acc_trim.lua,1,2,10,0,97686e66,bf85861c
128x64,1.38,PAGES/battery.lua,2,4,40,0,c5419fb9,e9117799
128x64,1.38,PAGES/failsafe.lua,2,6,74,0,52c27149,4bdc7912
128x64,1.38,PAGES/filters1.lua,6,10,125,0,c5b007fb,d7a7b887
128x64,1.38,PAGES/filters2.lua,0,0,0,0,811c9dc5,811c9dc5
128x64,1.38,PAGES/gpspids.lua,0,0,0,0,811c9dc5,811c9dc5
128x64,1.38,PAGES/pid_advanced.lua,2,4,40,0,e9cf4788,cd1d188d
128x64,1.38,PAGES/pids1.lua,7,8,120,0,65c26556,b90a0499
128x64,1.38,PAGES/pids2.lua,1,2,10,0,6197f3e3,fab5dc9e
128x64,1.38,PAGES/pos_osd.lua,5,5,50,0,a125ba15,f9abf689
128x64,1.38,PAGES/profiles.lua,0,2,8,0,6191fd26,041dee35
128x64,1.38,PAGES/pwm.lua,2,7,90,0,50ddb766,9dfc3362
128x64,1.38,PAGES/rates.lua,13,13,256,0,2686781f,44fc9c10
128x64,1.38,PAGES/rescue.lua,0,0,0,0,811c9dc5,811c9dc5
128x64,1.38,PAGES/rx.lua,1,6,78,0,6124eda3,1b826693
128x64,1.38,PAGES/simplified_tuning.lua,2,13,185,0,999d0092,e5634328
128x64,1.38,PAGES/vtx.lua,0,6,72,0,1cd16d99,818aba9d
128x64,1.39,CONFIRM/acc_cal.lua,4,1,5,0,87038868,67a1eb0e
128x64,1.39,CONFIRM/pwm.lua,3,1,4,0,2200bf7e,4d846447
128x64,1.39,CONFIRM/vtx_tables.lua,3,1,4,0,8424aff3,9d1b5452
128x64,1.39,PAGES/acc_trim.lua,1,2,10,0,b80bb291,04c83306
128x64,1.39,PAGES/battery.lua,2,4,40,0,ad13cde5,e4562231
128x64,1.39,PAGES/failsafe.lua,3,6,70,0,34076c9c,7a1cf1b8
128x64,1.39,PAGES/filters1.lua,8,14,175,0,0f2edb94,25b1eb6e
128x64,1.39,PAGES/filters2.lua,0,0,0,0,811c9dc5,811c9dc5
128x64,1.39,PAGES/gpspids.lua,0,0,0,0,811c9dc5,811c9dc5
128x64,1.39,PAGES/pid_advanced.lua,2,4,40,0,9f06e358,b361eff5
128x64,1.39,PAGES/pids1.lua,7,8,120,0,34c4fd93,9c32c0a5
128x64,1.39,PAGES/pids2.lua,1,2,10,0,0f72bdd0,f612eeec
128x64,1.39,PAGES/pos_osd.lua,5,5,50,0,a92dd063,478a5f59
128x64,1.39,PAGES/profiles.lua,0,2,8,0,5779c61a,5a54144d
128x64,1.39,PAGES/pwm.lua,2,7,90,0,f778fc0b,00f9483e
128x64,1.39,PAGES/rates.lua,13,13,256,0,ad015a23,f3c62c14
128x64,1.39,PAGES/rescue.lua,0,0,0,0,811c9dc5,811c9dc5
128x64,1.39,PAGES/rx.lua,1,6,78,0,80a81ac2,680cf69b
128x64,1.39,PAGES/simplified_tuning.lua,2,13,185,0,c20f0813,4668ffbf
128x64,1.39,PAGES/vtx.lua,0,6,72,0,6d30495b,488dd641
128x64,1.4,CONFIRM/acc_cal.lua,4,1,5,0,612e5e0e,f5c11bf4
128x64,1.4,CONFIRM/pwm.lua,3,1,4,0,e67687d2,a41e5d93
128x64,1.4,CONFIRM/vtx_tables.lua,3,1,4,0,2abbb529,fff6f8d0
128x64,1.4,PAGES/acc_trim.lua,1,2,10,0,973fbe1f,5f4aa8ce
128x64,1.4,PAGES/battery.lua,2,4,40,0,440f2a25,ca44a7f1
128x64,1.4,PAGES/failsafe.lua,3,6,70,0,9114a696,b7895a0a
128x64,1.4,PAGES/filters1.lua,8,14,175,0,9ded5170,14f84e42
128x64,1.4,PAGES/filters2.lua,0,0,0,0,811c9dc5,811c9dc5
128x64,1.4,PAGES/gpspids.lua,0,0,0,0,811c9dc5,811c9dc5
128x64,1.4,PAGES/pid_advanced.lua,4,12,160,0,b140c795,37898739
128x64,1.4,PAGES/pids1.lua,7,8,120,0,ed312641,1986857d
128x64,1.4,PAGES/pids2.lua,6,4,44,0,2e1680d3,04bb7791
128x64,1.4,PAGES/pos_osd.lua,5,5,50,0,48d5adcd,7b290361
128x64,1.4,PAGES/profiles.lua,0,2,8,0,5339d1d0,154f863d
128x64,1.4,PAGES/pwm.lua,2,7,90,0,fe9ff645,ae355a6a
128x64,1.4,PAGES/rates.lua,13,13,256,0,118dfa5d,e587da1e
128x64,1.4,PAGES/rescue.lua,0,0,0,0,811c9dc5,811c9dc5
128x64,1.4,PAGES/rx.lua,4,12,161,0,b21e31c7,8553a406
128x64,1.4,PAGES/simplified_tuning.lua,2,13,185,0,84bd3a7d,3bd12aa1
128x64,1.4,PAGES/vtx.lua,0,6,72,0,09fccb5f,9ca9e649
128x64,1.41,CONFIRM/acc_cal.lua,4,1,5,0,e68e6d29,65cfae3f
128x64,1.41,CONFIRM/pwm.lua,3,1,4,0,efa1f178,102033b1
128x64,1.41,CONFIRM/vtx_tables.lua,3,1,4,0,3c857ccd,dea90e3c
128x64,1.41,PAGES/acc_trim.lua,1,2,10,0,e0d94472,1e9204cc
128x64,1.41,PAGES/battery.lua,2,4,40,0,b3c26a71,2ffb7881
128x64,1.41,PAGES/failsafe.lua,3,6,70,0,9dda369f,c5923758
128x64,1.41,PAGES/filters1.lua,10,21,276,0,f474b76c,8958e2a5
128x64,1.41,PAGES/filters2.lua,0,0,0,0,811c9dc5,811c9dc5
128x64,1.41,PAGES/gpspids.lua,7,7,98,0,a44c0312,85b753e2
128x64,1.41,PAGES/pid_advanced.lua,4,13,176,0,fd99c209,514263be
128x64,1.41,PAGES/pids1.lua,7,9,144,0,d6bec2cc,c8609e9e
128x64,1.41,PAGES/pids2.lua,8,9,131,0,4c487684,60f1c726
128x64,1.41,PAGES/pos_osd.lua,5,5,50,0,3c1f3fb9,0ed599c1
128x64,1.41,PAGES/profiles.lua,0,2,8,0,3b514f4a,fb535ae9
128x64,1.41,PAGES/pwm.lua,2,6,75,0,5ffc3508,9efc4f02
128x64,1.41,PAGES/rates.lua,13,15,287,0,736f85e8,c8b161d2
128x64,1.41,PAGES/rescue.lua,1,9,121,0,c9204e3a,1240e58a
128x64,1.41,PAGES/rx.lua,4,12,161,0,09dfb325,3808aee5
128x64,1.41,PAGES/simplified_tuning.lua,2,13,185,0,efd4f5f6,bbec25c8
128x64,1.41,PAGES/vtx.lua,0,6,72,0,df4dfd39,a40fb0d9
128x64,1.42,CONFIRM/acc_cal.lua,4,1,5,0,e9be36b2,aa375ff0
128x64,1.42,CONFIRM/pwm.lua,3,1,4,0,364aded6,a0a633df
128x64,1.42,CONFIRM/vtx_tables.lua,3,1,4,0,c671f937,44356fee
128x64,1.42,PAGES/acc_trim.lua,1,2,10,0,8c051ff7,94156f9a
128x64,1.42,PAGES/battery.lua,2,4,40,0,3f3b9979,b4188c39
128x64,1.42,PAGES/failsafe.lua,3,6,70,0,728737ba,21576b94
128x64,1.42,PAGES/filters1.lua,10,21,276,0,106521a3,e1a3700f
128x64,1.42,PAGES/filters2.lua,2,6,75,0,d2d7d309,a953939b
128x64,1.42,PAGES/gpspids.lua,7,7,98,0,18f4ce06,32e4088e
128x64,1.42,PAGES/pid_advanced.lua,4,13,176,0,0cc79622,bd1dfd93
128x64,1.42,PAGES/pids1.lua,7,9,144,0,f53dd8f2,250396be
128x64,1.42,PAGES/pids2.lua,8,9,131,0,0fcb53fb,989d93bb
128x64,1.42,PAGES/pos_osd.lua,5,5,50,0,cd20c7cf,94f0aef9
128x64,1.42,PAGES/profiles.lua,0,2,8,0,8f67028e,a9ffd4ad
128x64,1.42,PAGES/pwm.lua,2,6,75,0,d6ff5828,9e74c799
128x64,1.42,PAGES/rates.lua,13,15,287,0,eee1dae2,884c6dbd
128x64,1.42,PAGES/rescue.lua,1,9,121,0,2d254f3c,565645d1
128x64,1.42,PAGES/rx.lua,4,13,175,0,697baf27,7354ba80
128x64,1.42,PAGES/simplified_tuning.lua,2,13,185,0,2f3fd621,e1bcd9f5
128x64,1.42,PAGES/vtx.lua,0,6,72,0,30b94633,92209219
128x64,1.43,CONFIRM/acc_cal.lua,4,1,5,0,af069893,f1eb721d
128x64,1.43,CONFIRM/pwm.lua,3,1,4,0,04473574,856535c1
128x64,1.43,CONFIRM/vtx_tables.lua,3,1,4,0,6ab68bd1,c2c4ed94
128x64,1.43,PAGES/acc_trim.lua,1,2,10,0,f530d704,412cdd38
128x64,1.43,PAGES/battery.lua,2,4,40,0,728970ed,b6a1e191
128x64,1.43,PAGES/failsafe.lua,3,6,70,0,faeb3ec9,bddc2ca0
128x64,1.43,PAGES/filters1.lua,10,21,276,0,f308905e,2c87cfb1
128x64,1.43,PAGES/filters2.lua,2,6,75,0,68a3f772,0ee5dc34
128x64,1.43,PAGES/gpspids.lua,7,7,98,0,c8c1e9da,afd35fae
128x64,1.43,PAGES/pid_advanced.lua,4,15,208,0,b7b20d75,207b3a9f
128x64,1.43,PAGES/pids1.lua,7,9,144,0,db8ef64c,10d59cd2
128x64,1.43,PAGES/pids2.lua,8,9,131,0,6bd5ffc6,3dabfb6c
128x64,1.43,PAGES/pos_osd.lua,5,5,50,0,f0eeaba1,7b7023a1
128x64,1.43,PAGES/profiles.lua,0,2,8,0,8f2816f2,5e01cc25
128x64,1.43,PAGES/pwm.lua,2,4,40,0,0829eb7f,003bd13f
128x64,1.43,PAGES/rates.lua,13,16,315,0,ab0a1161,ed23b048
128x64,1.43,PAGES/rescue.lua,1,13,190,0,4bc8698e,6efc5577
128x64,1.43,PAGES/rx.lua,4,11,143,0,a87dd36f,c3ee963a
128x64,1.43,PAGES/simplified_tuning.lua,2,13,185,0,0f7d4a48,be641f3e
128x64,1.43,PAGES/vtx.lua,0,6,72,0,bd485439,d2834bfd
128x64,1.44,CONFIRM/acc_cal.lua,4,1,5,0,1a85c91c,49243fde
128x64,1.44,CONFIRM/pwm.lua,3,1,4,0,3890e8ee,16fa82e3
128x64,1.44,CONFIRM/vtx_tables.lua,3,1,4,0,92b3d94f,d677b22a
128x64,1.44,PAGES/acc_trim.lua,1,2,10,0,6a21c5d1,ac23ec02
128x64,1.44,PAGES/battery.lua,2,4,40,0,7d030365,11a1d6c1
128x64,1.44,PAGES/failsafe.lua,3,6,70,0,a8e7b7b4,cd2f4e5c
128x64,1.44,PAGES/filters1.lua,10,21,276,0,78aacfe5,11365a28
128x64,1.44,PAGES/filters2.lua,2,6,75,0,19386e52,4557b7ff
128x64,1.44,PAGES/gpspids.lua,7,7,98,0,3efe85c6,814c50e2
128x64,1.44,PAGES/pid_advanced.lua,4,16,224,0,587313d2,f76c4724
128x64,1.44,PAGES/pids1.lua,7,9,144,0,58c357d5,7e9c2e31
128x64,1.44,PAGES/pids2.lua,8,14,210,0,54dc1809,d9dbdeb6
128x64,1.44,PAGES/pos_osd.lua,5,5,50,0,c60d0bcb,5be9a349
128x64,1.44,PAGES/profiles.lua,0,2,8,0,0620d776,dce33d99
128x64,1.44,PAGES/pwm.lua,2,6,75,0,0161e2a7,5a4cc859
128x64,1.44,PAGES/rates.lua,13,16,315,0,4967a79e,e44346cd
128x64,1.44,PAGES/rescue.lua,1,14,205,0,a44cbebb,f952cecd
128x64,1.44,PAGES/rx.lua,4,8,99,0,7348229a,a076e0e3
128x64,1.44,PAGES/simplified_tuning.lua,2,13,185,0,99b37893,6e07483b
128x64,1.44,PAGES/vtx.lua,0,6,72,0,6fdefe7f,125a7965
128x64,1.45,CONFIRM/acc_cal.lua,4,1,5,0,0bab68c5,1f7c2c03
128x64,1.45,CONFIRM/pwm.lua,3,1,4,0,05966ae0,eb168c39
128x64,1.45,CONFIRM/vtx_tables.lua,3,1,4,0,f31745bd,02c866e4
128x64,1.45,PAGES/acc_trim.lua,1,2,10,0,20e497ce,c02bd76c
128x64,1.45,PAGES/battery.lua,2,4,40,0,16fe9559,9255cf69
128x64,1.45,PAGES/failsafe.lua,3,6,70,0,291a8173,20399c00
128x64,1.45,PAGES/filters1.lua,10,21,276,0,9d048b74,dfaef26a
128x64,1.45,PAGES/filters2.lua,2,6,75,0,ad731fce,b195af1c
128x64,1.45,PAGES/gpspids.lua,7,7,98,0,ae260cda,c6824e4a
128x64,1.45,PAGES/pid_advanced.lua,5,17,237,0,973b212d,6de02652
128x64,1.45,PAGES/pids1.lua,7,9,144,0,1936788f,8c135091
128x64,1.45,PAGES/pids2.lua,8,14,210,0,f1db39b1,03deaa8c
128x64,1.45,PAGES/pos_osd.lua,5,5,50,0,77797c01,48381711
128x64,1.45,PAGES/profiles.lua,0,2,8,0,49b5ae52,fa9afe19
128x64,1.45,PAGES/pwm.lua,2,6,75,0,e7f73c1b,e94ff90e
128x64,1.45,PAGES/rates.lua,12,14,287,0,0590ab50,196fcb3c
128x64,1.45,PAGES/rescue.lua,1,14,205,0,9c124112,5ffab7b8
128x64,1.45,PAGES/rx.lua,4,8,99,0,c2c7fdd4,dd91547e
128x64,1.45,PAGES/simplified_tuning.lua,2,13,185,0,a20605b2,66ac1e9c
128x64,1.45,PAGES/vtx.lua,0,6,72,0,e1de73b1,9d2537b1
128x64,1.46,CONFIRM/acc_cal.lua,4,1,5,0,1b1b206e,462065a4
128x64,1.46,CONFIRM/pwm.lua,3,1,4,0,8b93287e,857044b7
128x64,1.46,CONFIRM/vtx_tables.lua,3,1,4,0,81cdb147,6bb9b71e
128x64,1.46,PAGES/acc_trim.lua,1,2,10,0,e1512b3b,ad8061e2
128x64,1.46,PAGES/battery.lua,2,4,40,0,731741d1,fbf862e1
128x64,1.46,PAGES/failsafe.lua,3,6,70,0,23ed8fe6,7e623adc
128x64,1.46,PAGES/filters1.lua,10,21,276,0,ef5fef47,50390bb4
128x64,1.46,PAGES/filters2.lua,2,6,75,0,b60b09ba,b75c5e3d
128x64,1.46,PAGES/gpspids.lua,7,7,98,0,9e63621e,a39771ae
128x64,1.46,PAGES/pid_advanced.lua,5,17,237,0,c4474d0f,432f824f
128x64,1.46,PAGES/pids1.lua,7,9,144,0,08fd271d,20b930fd
128x64,1.46,PAGES/pids2.lua,8,14,210,0,4353ac41,29c91e2e
128x64,1.46,PAGES/pos_osd.lua,5,5,50,0,18389707,91e1d091
128x64,1.46,PAGES/profiles.lua,0,2,8,0,192b982e,ac12bdfd
128x64,1.46,PAGES/pwm.lua,2,6,75,0,e0d47077,012dd077
128x64,1.46,PAGES/rates.lua,12,14,287,0,0edf2ea6,795674ad
128x64,1.46,PAGES/rescue.lua,1,14,205,0,3fee75d3,edf4f63f
128x64,1.46,PAGES/rx.lua,4,8,99,0,3f6f2136,ebe3ddcd
128x64,1.46,PAGES/simplified_tuning.lua,2,13,185,0,575e4075,b0994941
128x64,1.46,PAGES/vtx.lua,0,6,72,0,c5050fb3,46324c71
128x64,1.47,CONFIRM/acc_cal.lua,4,1,5,0,947bee2f,7cb6f751
128x64,1.47,CONFIRM/pwm.lua,3,1,4,0,4f1670c4,05b33c59
128x64,1.47,CONFIRM/vtx_tables.lua,3,1,4,0,ed0202d9,8ca7d0fc
128x64,1.47,PAGES/acc_trim.lua,1,2,10,0,ac2a0c80,72650a80
128x64,1.47,PAGES/battery.lua,2,4,40,0,feaad54d,451befb9
128x64,1.47,PAGES/failsafe.lua,3,6,70,0,1f7b1afd,57033798
128x64,1.47,PAGES/filters1.lua,10,21,276,0,8d7b9236,6d396552
128x64,1.47,PAGES/filters2.lua,2,6,75,0,11c16de6,04b01aea
128x64,1.47,PAGES/gpspids.lua,7,7,98,0,c4647792,f379b60e
128x64,1.47,PAGES/pid_advanced.lua,5,17,237,0,fc9cb579,70c55344
128x64,1.47,PAGES/pids1.lua,7,9,144,0,05534823,c53167cd
128x64,1.47,PAGES/pids2.lua,8,14,210,0,775f3c39,89dbc308
128x64,1.47,PAGES/pos_osd.lua,5,5,50,0,c7685d79,1b7d5721
128x64,1.47,PAGES/profiles.lua,0,2,8,0,d2ae1aca,1ab37abd
128x64,1.47,PAGES/pwm.lua,2,6,75,0,1f031e93,69d45c04
128x64,1.47,PAGES/rates.lua,12,14,287,0,92efb7fc,f084de52
128x64,1.47,PAGES/rescue.lua,1,14,205,0,b4e1f4fc,6ae20b8a
128x64,1.47,PAGES/rx.lua,4,7,85,0,f35a7197,ef6b9b0d
128x64,1.47,PAGES/simplified_tuning.lua,2,13,185,0,3c2399d4,13622d42
128x64,1.47,PAGES/vtx.lua,0,6,72,0,f1158851,d1b0a8cd
128x64,1.48,CONFIRM/acc_cal.lua,4,1,5,0,bcfaaa28,f8448412
128x64,1.48,CONFIRM/pwm.lua,3,1,4,0,91ebc3e6,03934723
128x64,1.48,CONFIRM/vtx_tables.lua,3,1,4,0,fa32618f,a2b32cf2
128x64,1.48,PAGES/acc_trim.lua,1,2,10,0,7c7edbb5,406da3aa
128x64,1.48,PAGES/battery.lua,2,4,40,0,5a58d635,caa12309
128x64,1.48,PAGES/failsafe.lua,3,6,70,0,ffa7be30,c10f3e34
128x64,1.48,PAGES/filters1.lua,10,21,276,0,712acdc1,8bbd4e60
128x64,1.48,PAGES/filters2.lua,2,6,75,0,d5f7b0ca,d489b32b
128x64,1.48,PAGES/gpspids.lua,7,7,98,0,a1c139be,12dc211a
128x64,1.48,PAGES/pid_advanced.lua,5,17,237,0,fc3c1617,7b3c5801
128x64,1.48,PAGES/pids1.lua,7,9,144,0,09bfd44d,8d25dad1
128x64,1.48,PAGES/pids2.lua,8,14,210,0,f5bf4689,9ad42fc6
128x64,1.48,PAGES/pos_osd.lua,5,5,50,0,35424ccb,7827e2b1
128x64,1.48,PAGES/profiles.lua,0,3,18,0,84adcb1d,92e15ce9
128x64,1.48,PAGES/pwm.lua,2,6,75,0,a8af0507,262d3735
128x64,1.48,PAGES/rates.lua,12,14,287,0,3571760e,0b405b2b
128x64,1.48,PAGES/rescue.lua,1,14,205,0,ced75e75,668736b9
128x64,1.48,PAGES/rx.lua,4,7,85,0,af9079b8,799b0c60
128x64,1.48,PAGES/simplified_tuning.lua,2,13,185,0,c7ff7a57,b439cfd7
128x64,1.48,PAGES/vtx.lua,0,6,72,0,83c9fc87,abb24f55
128x64,1.49,CONFIRM/acc_cal.lua,4,1,5,0,73786461,e6823177
128x64,1.49,CONFIRM/pwm.lua,3,1,4,0,c8432d58,103f5621
128x64,1.49,CONFIRM/vtx_tables.lua,3,1,4,0,c3a8e2ed,2eb1b46c
128x64,1.49,PAGES/acc_trim.lua,1,2,10,0,57f49bba,d3b6683c
128x64,1.49,PAGES/battery.lua,2,4,40,0,8269ea21,3b8adfd1
128x64,1.49,PAGES/failsafe.lua,3,6,70,0,efb2be67,f7ce98e8
128x64,1.49,PAGES/filters1.lua,10,21,276,0,a6d15e98,74195822
128x64,1.49,PAGES/filters2.lua,2,6,75,0,ed2342fe,6d3e0360
128x64,1.49,PAGES/gpspids.lua,7,7,98,0,5accd5f2,bcea4062
128x64,1.49,PAGES/pid_advanced.lua,5,17,237,0,bdd45b15,14e5c80e
128x64,1.49,PAGES/pids1.lua,7,9,144,0,ef8ebef7,44735899
128x64,1.49,PAGES/pids2.lua,8,14,210,0,cbcdae89,aae1a07c
128x64,1.49,PAGES/pos_osd.lua,5,5,50,0,d30fa7e9,7b22f781
128x64,1.49,PAGES/profiles.lua,0,3,18,0,51e23a42,4dca31c7
128x64,1.49,PAGES/pwm.lua,2,6,75,0,58bb4f93,d1fed24a
128x64,1.49,PAGES/rates.lua,12,14,287,0,13e50350,c760eb68
128x64,1.49,PAGES/rescue.lua,1,14,205,0,9245be76,87235ed4
128x64,1.49,PAGES/rx.lua,4,7,85,0,97d61205,137d7763
128x64,1.49,PAGES/simplified_tuning.lua,2,13,185,0,78f48e7e,5a470570
128x64,1.49,PAGES/vtx.lua,0,6,72,0,59b4cbb9,21cd8309
128x96,1.15,CONFIRM/acc_cal.lua,4,1,5,0,d27f3507,dc67041d
128x96,1.15,CONFIRM/pwm.lua,3,1,4,0,f1784f58,2086bde1
128x96,1.15,CONFIRM/vtx_tables.lua,3,1,4,0,3ee23b99,f6c98548
128x96,1.15,PAGES/acc_trim.lua,1,2,10,0,576aea00,0454c6dc
128x96,1.15,PAGES/battery.lua,2,4,40,0,33546531,dfb2be89
128x96,1.15,PAGES/failsafe.lua,2,6,84,0,bbbe7869,853d9579
128x96,1.15,PAGES/filters1.lua,0,0,0,0,811c9dc5,811c9dc5
128x96,1.15,PAGES/filters2.lua,0,0,0,0,811c9dc5,811c9dc5
128x96,1.15,PAGES/gpspids.lua,0,0,0,0,811c9dc5,811c9dc5
128x96,1.15,PAGES/pid_advanced.lua,0,0,0,0,811c9dc5,811c9dc5
128x96,1.15,PAGES/pids1.lua,0,0,0,0,811c9dc5,811c9dc5
128x96,1.15,PAGES/pids2.lua,0,0,0,0,811c9dc5,811c9dc5
128x96,1.15,PAGES/pos_osd.lua,5,5,50,0,e5e2a5a1,5dc57815
128x96,1.15,PAGES/profiles.lua,0,2,8,0,9eac4ad2,0228cf51
128x96,1.15,PAGES/pwm.lua,2,5,60,0,dbcb1609,1f4ba4fc
128x96,1.15,PAGES/rates.lua,0,0,0,0,811c9dc5,811c9dc5
128x96,1.15,PAGES/rescue.lua,0,0,0,0,811c9dc5,811c9dc5
128x96,1.15,PAGES/rx.lua,0,0,0,0,811c9dc5,811c9dc5
128x96,1.15,PAGES/simplified_tuning.lua,2,13,270,0,de1daeec,7c46432d
128x96,1.15,PAGES/vtx.lua,0,0,0,0,811c9dc5,811c9dc5
128x96,1.16,CONFIRM/acc_cal.lua,4,1,5,0,3e4cf8ac,2f5a9852
128x96,1.16,CONFIRM/pwm.lua,3,1,4,0,3784551e,8689bcc7
128x96,1.16,CONFIRM/vtx_tables.lua,3,1,4,0,c4437a8b,ab96758a
128x96,1.16,PAGES/acc_trim.lua,1,2,10,0,4f2a998d,3cb6055e
128x96,1.16,PAGES/battery.lua,2,4,40,0,3402bc05,be0f9cb9
128x96,1.16,PAGES/failsafe.lua,2,6,84,0,03965805,8b048af5
128x96,1.16,PAGES/filters1.lua,3,3,27,0,59e4e590,365462f9
128x96,1.16,PAGES/filters2.lua,0,0,0,0,811c9dc5,811c9dc5
128x96,1.16,PAGES/gpspids.lua,0,0,0,0,811c9dc5,811c9dc5
128x96,1.16,PAGES/pid_advanced.lua,0,1,2,0,7ad9219f,e2952bca
128x96,1.16,PAGES/pids1.lua,7,8,120,0,a662ad77,dd005235
128x96,1.16,PAGES/pids2.lua,0,0,0,0,811c9dc5,811c9dc5
128x96,1.16,PAGES/pos_osd.lua,5,5,50,0,83ae1523,85fb6449
128x96,1.16,PAGES/profiles.lua,0,2,8,0,2be0783a,b1c9a72d
128x96,1.16,PAGES/pwm.lua,2,5,60,0,2dd55068,585a8cba
128x96,1.16,PAGES/rates.lua,13,11,286,0,1838ed6c,8e3f1668
128x96,1.16,PAGES/rescue.lua,0,0,0,0,811c9dc5,811c9dc5
128x96,1.16,PAGES/rx.lua,1,3,21,0,64b0cfd9,d7108b23
128x96,1.16,PAGES/simplified_tuning.lua,2,13,270,0,2409224f,ae39789f
128x96,1.16,PAGES/vtx.lua,0,0,0,0,811c9dc5,811c9dc5
128x96,1.18,CONFIRM/acc_cal.lua,4,1,5,0,c018bbd2,24a2a14c
128x96,1.18,CONFIRM/pwm.lua,3,1,4,0,ed888a66,623e0423
128x96,1.18,CONFIRM/vtx_tables.lua,3,1,4,0,911e7043,535f5cce
128x96,1.18,PAGES/acc_trim.lua,1,2,10,0,ac4b2d6f,4463f51a
128x96,1.18,PAGES/battery.lua,2,4,40,0,1ea0e2b5,3688c6c9
128x96,1.18,PAGES/failsafe.lua,2,6,84,0,3936c0d5,2aeb4359
128x96,1.18,PAGES/filters1.lua,3,3,27,0,5e20b8e4,8f2d979b
128x96,1.18,PAGES/filters2.lua,0,0,0,0,811c9dc5,811c9dc5
128x96,1.18,PAGES/gpspids.lua,0,0,0,0,811c9dc5,811c9dc5
128x96,1.18,PAGES/pid_advanced.lua,0,1,2,0,6fdd55b9,e16d08b2
128x96,1.18,PAGES/pids1.lua,7,8,120,0,108d502d,84a36f09
128x96,1.18,PAGES/pids2.lua,0,0,0,0,811c9dc5,811c9dc5
128x96,1.18,PAGES/pos_osd.lua,5,5,50,0,48c6bd1b,9fe2eeed
128x96,1.18,PAGES/profiles.lua,0,2,8,0,9b463b16,7affb4e1
128x96,1.18,PAGES/pwm.lua,2,5,60,0,d2940312,98aa053e
128x96,1.18,PAGES/rates.lua,13,11,286,0,5e0b4f48,f70f8d5c
128x96,1.18,PAGES/rescue.lua,0,0,0,0,811c9dc5,811c9dc5
128x96,1.18,PAGES/rx.lua,1,3,21,0,161f8fc1,26a1ad35
128x96,1.18,PAGES/simplified_tuning.lua,2,13,270,0,2a585221,a3eb6d03
128x96,1.18,PAGES/vtx.lua,0,0,0,0,811c9dc5,811c9dc5
128x96,1.2,CONFIRM/acc_cal.lua,4,1,5,0,bc05573b,c3c39f49
128x96,1.2,CONFIRM/pwm.lua,3,1,4,0,8b43c8c0,eb478951
128x96,1.2,CONFIRM/vtx_tables.lua,3,1,4,0,beb4351f,adc47d66
128x96,1.2,PAGES/acc_trim.lua,1,2,10,0,6f705fe6,b54421b2
128x96,1.2,PAGES/battery.lua,2,4,40,0,572ec717,fe11a0d1
128x96,1.2,PAGES/failsafe.lua,2,6,84,0,4b688833,7e2ee20f
128x96,1.2,PAGES/filters1.lua,5,7,120,0,8eb51ef2,7f5b8eb5
128x96,1.2,PAGES/filters2.lua,0,0,0,0,811c9dc5,811c9dc5
128x96,1.2,PAGES/gpspids.lua,0,0,0,0,811c9dc5,811c9dc5
128x96,1.2,PAGES/pid_advanced.lua,0,1,2,0,d3f08d80,705febc4
128x96,1.2,PAGES/pids1.lua,7,8,120,0,633d922e,491d866d
128x96,1.2,PAGES/pids2.lua,0,0,0,0,811c9dc5,811c9dc5
128x96,1.2,PAGES/pos_osd.lua,5,5,50,0,d22f2ed1,e3bd7e03
128x96,1.2,PAGES/profiles.lua,0,2,8,0,5ab906ca,9adf61e9
128x96,1.2,PAGES/pwm.lua,2,5,60,0,8cd34e05,ed063b0e
128x96,1.2,PAGES/rates.lua,13,11,286,0,8323f4b2,7e0b95ca
128x96,1.2,PAGES/rescue.lua,0,0,0,0,811c9dc5,811c9dc5
128x96,1.2,PAGES/rx.lua,1,5,55,0,113f092a,a7893749
128x96,1.2,PAGES/simplified_tuning.lua,2,13,270,0,d84dc2b6,46f98203
128x96,1.2,PAGES/vtx.lua,0,0,0,0,811c9dc5,811c9dc5
128x96,1.21,CONFIRM/acc_cal.lua,4,1,5,0,fe9d2e62,9acf87a8
128x96,1.21,CONFIRM/pwm.lua,3,1,4,0,cda5e826,52f1dd07
128x96,1.21,CONFIRM/vtx_tables.lua,3,1,4,0,7e33b5bf,db25cc96
128x96,1.21,PAGES/acc_trim.lua,1,2,10,0,38050c37,3bc5db92
128x96,1.21,PAGES/battery.lua,2,4,40,0,98030481,fd77eb39
128x96,1.21,PAGES/failsafe.lua,2,6,84,0,7e68b801,104ceb71
128x96,1.21,PAGES/filters1.lua,6,9,159,0,a6e6291f,fdd0f281
128x96,1.21,PAGES/filters2.lua,0,0,0,0,811c9dc5,811c9dc5
128x96,1.21,PAGES/gpspids.lua,0,0,0,0,811c9dc5,811c9dc5
128x96,1.21,PAGES/pid_advanced.lua,0,1,2,0,c2af02e5,d90597ca
128x96,1.21,PAGES/pids1.lua,7,8,120,0,bef05a1d,65cfcd8d
128x96,1.21,PAGES/pids2.lua,1,2,10,0,ccf8fb4a,286ef470
128x96,1.21,PAGES/pos_osd.lua,5,5,50,0,286811f7,e89130f9
128x96,1.21,PAGES/profiles.lua,0,2,8,0,0d1a90fe,475f1895
128x96,1.21,PAGES/pwm.lua,2,5,60,0,794d21a6,792d98a6
128x96,1.21,PAGES/rates.lua,13,11,286,0,850ffa60,ef2207b0
128x96,1.21,PAGES/rescue.lua,0,0,0,0,811c9dc5,811c9dc5
128x96,1.21,PAGES/rx.lua,1,5,55,0,0b2f5ff8,94855934
128x96,1.21,PAGES/simplified_tuning.lua,2,13,270,0,fc33b871,aee27b63
128x96,1.21,PAGES/vtx.lua,0,0,0,0,811c9dc5,811c9dc5
128x96,1.26,CONFIRM/acc_cal.lua,4,1,5,0,83b52995,ea4b43eb
128x96,1.26,CONFIRM/pwm.lua,3,1,4,0,5c1fd608,41f2ad49
128x96,1.26,CONFIRM/vtx_tables.lua,3,1,4,0,0fda431d,d656c104
128x96,1.26,PAGES/acc_trim.lua,1,2,10,0,199a3456,7f6da844
128x96,1.26,PAGES/battery.lua,2,4,40,0,e8fed511,170131a9
128x96,1.26,PAGES/failsafe.lua,2,6,84,0,34bb6405,d82a7fa5
128x96,1.26,PAGES/filters1.lua,6,9,159,0,4e4e1f9c,d29faca8
128x96,1.26,PAGES/filters2.lua,0,0,0,0,811c9dc5,811c9dc5
128x96,1.26,PAGES/gpspids.lua,0,0,0,0,811c9dc5,811c9dc5
128x96,1.26,PAGES/pid_advanced.lua,0,1,2,0,1db446ea,328d7872
128x96,1.26,PAGES/pids1.lua,7,8,120,0,da188a0e,c992d06d
128x96,1.26,PAGES/pids2.lua,1,2,10,0,262040e7,f98ac9be
128x96,1.26,PAGES/pos_osd.lua,5,5,50,0,ad0663f9,23707ee1
128x96,1.26,PAGES/profiles.lua,0,2,8,0,3da6cb0a,e83eb7b9
128x96,1.26,PAGES/pwm.lua,2,5,60,0,bf411879,7685d180
128x96,1.26,PAGES/rates.lua,13,11,286,0,13177736,fdce08fe
128x96,1.26,PAGES/rescue.lua,0,0,0,0,811c9dc5,811c9dc5
128x96,1.26,PAGES/rx.lua,1,5,55,0,8761da18,07a391b1
128x96,1.26,PAGES/simplified_tuning.lua,2,13,270,0,d4f76f52,2ad4fbed
128x96,1.26,PAGES/vtx.lua,0,0,0,0,811c9dc5,811c9dc5
128x96,1.31,CONFIRM/acc_cal.lua,4,1,5,0,5e51bbd1,54be2e83
128x96,1.31,CONFIRM/pwm.lua,3,1,4,0,b481448c,6f3f1f29
128x96,1.31,CONFIRM/vtx_tables.lua,3,1,4,0,76a02f01,a658d1a4
128x96,1.31,PAGES/acc_trim.lua,1,2,10,0,5cb3e92a,d9ba5e90
128x96,1.31,PAGES/battery.lua,2,4,40,0,fef0c7e5,6597e089
128x96,1.31,PAGES/failsafe.lua,2,6,84,0,e410042d,1b671c71
128x96,1.31,PAGES/filters1.lua,6,9,159,0,611a44e8,2eb582cc
128x96,1.31,PAGES/filters2.lua,0,0,0,0,811c9dc5,811c9dc5
128x96,1.31,PAGES/gpspids.lua,0,0,0,0,811c9dc5,811c9dc5
128x96,1.31,PAGES/pid_advanced.lua,1,3,21,0,fbf09d2b,6125807c
128x96,1.31,PAGES/pids1.lua,7,8,120,0,ca7f6922,b2cc1591
128x96,1.31,PAGES/pids2.lua,1,2,10,0,0a03ec8f,080b1056
128x96,1.31,PAGES/pos_osd.lua,5,5,50,0,87279525,cf8d0185
128x96,1.31,PAGES/profiles.lua,0,2,8,0,06fd2516,30751095
128x96,1.31,PAGES/pwm.lua,2,7,112,0,4d65305a,f59bfbde
128x96,1.31,PAGES/rates.lua,13,11,286,0,4408e452,d0eae652
128x96,1.31,PAGES/rescue.lua,0,0,0,0,811c9dc5,811c9dc5
128x96,1.31,PAGES/rx.lua,1,6,78,0,e5b9e663,a0b5185c
128x96,1.31,PAGES/simplified_tuning.lua,2,13,270,0,9a4cb61e,ddf983f1
128x96,1.31,PAGES/vtx.lua,0,0,0,0,811c9dc5,811c9dc5
128x96,1.33,CONFIRM/acc_cal.lua,4,1,5,0,ff8e2673,e73b8059
128x96,1.33,CONFIRM/pwm.lua,3,1,4,0,4c9fff00,4690cdd1
128x96,1.33,CONFIRM/vtx_tables.lua,3,1,4,0,4a9af34d,553c88c4
128x96,1.33,PAGES/acc_trim.lua,1,2,10,0,14a3b9a8,9925d468
128x96,1.33,PAGES/battery.lua,2,4,40,0,eb220fc5,5fe68301
128x96,1.33,PAGES/failsafe.lua,2,6,84,0,be1dc85d,6f409f3d
128x96,1.33,PAGES/filters1.lua,6,9,159,0,21dfba66,c92ddde6
128x96,1.33,PAGES/filters2.lua,0,0,0,0,811c9dc5,811c9dc5
128x96,1.33,PAGES/gpspids.lua,0,0,0,0,811c9dc5,811c9dc5
128x96,1.33,PAGES/pid_advanced.lua,1,3,21,0,b72690af,e0131356
128x96,1.33,PAGES/pids1.lua,7,8,120,0,25db547c,13ffd9e5
128x96,1.33,PAGES/pids2.lua,1,2,10,0,108036c5,5c450dc6
128x96,1.33,PAGES/pos_osd.lua,5,5,50,0,fb66f389,f0575c19
128x96,1.33,PAGES/profiles.lua,0,2,8,0,d1cd6982,f80c3b91
128x96,1.33,PAGES/pwm.lua,2,7,112,0,e0789540,3c7ebd06
128x96,1.33,PAGES/rates.lua,13,11,286,0,f9ac272a,01549552
128x96,1.33,PAGES/rescue.lua,0,0,0,0,811c9dc5,811c9dc5
128x96,1.33,PAGES/rx.lua,1,6,78,0,7a5762c5,96747530
128x96,1.33,PAGES/simplified_tuning.lua,2,13,270,0,cbe616ac,906ce121
128x96,1.33,PAGES/vtx.lua,0,0,0,0,811c9dc5,811c9dc5
128x96,1.35,CONFIRM/acc_cal.lua,4,1,5,0,dcc3d1fd,283938ef
128x96,1.35,CONFIRM/pwm.lua,3,1,4,0,cd10565c,137071a9
128x96,1.35,CONFIRM/vtx_tables.lua,3,1,4,0,22f4a8d9,8fd92874
128x96,1.35,PAGES/acc_trim.lua,1,2,10,0,154e56a6,2fa15d58
128x96,1.35,PAGES/battery.lua,2,4,40,0,7ea2d225,c51d1c81
128x96,1.35,PAGES/failsafe.lua,2,6,84,0,fa1dc335,f4724411
128x96,1.35,PAGES/filters1.lua,6,9,159,0,7656a76c,75af10a8
128x96,1.35,PAGES/filters2.lua,0,0,0,0,811c9dc5,811c9dc5
128x96,1.35,PAGES/gpspids.lua,0,0,0,0,811c9dc5,811c9dc5
128x96,1.35,PAGES/pid_advanced.lua,1,3,21,0,3f51cf2b,1db84b10
128x96,1.35,PAGES/pids1.lua,7,8,120,0,2b6dee2e,572418f9
128x96,1.35,PAGES/pids2.lua,1,2,10,0,4d24bc73,b57d0926
128x96,1.35,PAGES/pos_osd.lua,5,5,50,0,778a1605,a0bfb405
128x96,1.35,PAGES/profiles.lua,0,2,8,0,5789c15e,1aefea15
128x96,1.35,PAGES/pwm.lua,2,7,112,0,3814e72e,d9e87b86
128x96,1.35,PAGES/rates.lua,13,11,286,0,3ee07ec2,af0b633a
128x96,1.35,PAGES/rescue.lua,0,0,0,0,811c9dc5,811c9dc5
128x96,1.35,PAGES/rx.lua,1,6,78,0,a6315e8f,8cd730a4
128x96,1.35,PAGES/simplified_tuning.lua,2,13,270,0,3eb16b82,a3bc2221
128x96,1.35,PAGES/vtx.lua,0,0,0,0,811c9dc5,811c9dc5
128x96,1.36,CONFIRM/acc_cal.lua,4,1,5,0,f7605086,6518ecb0
128x96,1.36,CONFIRM/pwm.lua,3,1,4,0,2d61f9ae,a09792bb
128x96,1.36,CONFIRM/vtx_tables.lua,3,1,4,0,1a17833f,e3e6bf42
128x96,1.36,PAGES/acc_trim.lua,1,2,10,0,45fc443b,78b6ac52
128x96,1.36,PAGES/battery.lua,2,4,40,0,9dd32c75,2e460489
128x96,1.36,PAGES/failsafe.lua,2,6,84,0,00c16539,7ba1268d
128x96,1.36,PAGES/filters1.lua,6,10,185,0,afcad559,cabdf469
128x96,1.36,PAGES/filters2.lua,0,0,0,0,811c9dc5,811c9dc5
128x96,1.36,PAGES/gpspids.lua,0,0,0,0,811c9dc5,811c9dc5
128x96,1.36,PAGES/pid_advanced.lua,2,4,40,0,ffc5b8bc,35a13815
128x96,1.36,PAGES/pids1.lua,7,8,120,0,47458c39,bd57e891
128x96,1.36,PAGES/pids2.lua,1,2,10,0,99b75072,29f3dd6c
128x96,1.36,PAGES/pos_osd.lua,5,5,50,0,ed529e17,517c4a4d
128x96,1.36,PAGES/profiles.lua,0,2,8,0,73ca35a2,1b250639
128x96,1.36,PAGES/pwm.lua,2,7,112,0,d8b20ad5,9a1e3ca5
128x96,1.36,PAGES/rates.lua,13,11,286,0,2d965738,f7da1d90
128x96,1.36,PAGES/rescue.lua,0,0,0,0,811c9dc5,811c9dc5
128x96,1.36,PAGES/rx.lua,1,6,78,0,1e27deac,e8ca1a70
128x96,1.36,PAGES/simplified_tuning.lua,2,13,270,0,0c15a085,1dd22de3
128x96,1.36,PAGES/vtx.lua,0,6,72,0,d35cd08a,77b15e1d
128x96,1.37,CONFIRM/acc_cal.lua,4,1,5,0,462d35df,04d72c05
128x96,1.37,CONFIRM/pwm.lua,3,1,4,0,1099ca38,e31c1391
128x96,1.37,CONFIRM/vtx_tables.lua,3,1,4,0,34ad03cd,68aa00f4
128x96,1.37,PAGES/acc_trim.lua,1,2,10,0,31077a84,dde67f50
128x96,1.37,PAGES/battery.lua,2,4,40,0,43319bf5,9ca17799
128x96,1.37,PAGES/failsafe.lua,2,6,84,0,c41a96c5,2683e5c5
128x96,1.37,PAGES/filters1.lua,6,10,185,0,c2dd6d33,3fd216ac
128x96,1.37,PAGES/filters2.lua,0,0,0,0,811c9dc5,811c9dc5
128x96,1.37,PAGES/gpspids.lua,0,0,0,0,811c9dc5,811c9dc5
128x96,1.37,PAGES/pid_advanced.lua,2,4,40,0,3df9d448,8f10b9bd
128x96,1.37,PAGES/pids1.lua,7,8,120,0,050b63d8,a07fe285
128x96,1.37,PAGES/pids2.lua,1,2,10,0,4049d319,ceb8af36
128x96,1.37,PAGES/pos_osd.lua,5,5,50,0,aebd21c1,29f57991
128x96,1.37,PAGES/profiles.lua,0,2,8,0,9806a9e2,7f988629
128x96,1.37,PAGES/pwm.lua,2,7,112,0,da978fa0,40eb1aa1
128x96,1.37,PAGES/rates.lua,13,13,364,0,ce878e4b,82a0c117
128x96,1.37,PAGES/rescue.lua,0,0,0,0,811c9dc5,811c9dc5
128x96,1.37,PAGES/rx.lua,1,6,78,0,f8dece51,de256590
128x96,1.37,PAGES/simplified_tuning.lua,2,13,270,0,b36e4660,75e75a51
128x96,1.37,PAGES/vtx.lua,0,6,72,0,2ef9b149,5da47469
128x96,1.38,CONFIRM/acc_cal.lua,4,1,5,0,2d01d4a8,660a59ae
128x96,1.38,CONFIRM/pwm.lua,3,1,4,0,94e26ef6,255dc047
128x96,1.38,CONFIRM/vtx_tables.lua,3,1,4,0,ab4e1977,00447266
128x96,1.38,PAGES/acc_trim.lua,1,2,10,0,350863a1,6f39a9ce
128x96,1.38,PAGES/battery.lua,2,4,40,0,22615c35,44a13159
128x96,1.38,PAGES/failsafe.lua,2,6,84,0,bcd08439,66aa4b61
128x96,1.38,PAGES/filters1.lua,6,10,185,0,298ef48d,fe99eb3f
128x96,1.38,PAGES/filters2.lua,0,0,0,0,811c9dc5,811c9dc5
128x96,1.38,PAGES/gpspids.lua,0,0,0,0,811c9dc5,811c9dc5
128x96,1.38,PAGES/pid_advanced.lua,2,4,40,0,927ff7e8,3d1dd135
128x96,1.38,PAGES/pids1.lua,7,8,120,0,a128092b,b9bdb1e5
128x96,1.38,PAGES/pids2.lua,1,2,10,0,2a755690,eb411428
128x96,1.38,PAGES/pos_osd.lua,5,5,50,0,7154ba9f,6caee871
128x96,1.38,PAGES/profiles.lua,0,2,8,0,525b256e,dc8ee92d
128x96,1.38,PAGES/pwm.lua,2,7,112,0,3c895f23,d0287a95
128x96,1.38,PAGES/rates.lua,13,13,364,0,76ad47cf,cf25642f
128x96,1.38,PAGES/rescue.lua,0,0,0,0,811c9dc5,811c9dc5
128x96,1.38,PAGES/rx.lua,1,6,78,0,f263d23e,1972895c
128x96,1.38,PAGES/simplified_tuning.lua,2,13,270,0,013f798b,84699cd7
128x96,1.38,PAGES/vtx.lua,0,6,72,0,4a45b883,ee2613b1
128x96,1.39,CONFIRM/acc_cal.lua,4,1,5,0,b3215319,2d86b0bb
128x96,1.39,CONFIRM/pwm.lua,3,1,4,0,764035ac,c46c8aa9
128x96,1.39,CONFIRM/vtx_tables.lua,3,1,4,0,71e9b611,41d43134
128x96,1.39,PAGES/acc_trim.lua,1,2,10,0,009865a2,6d15f8d0
128x96,1.39,PAGES/battery.lua,2,4,40,0,66751585,7f892319
128x96,1.39,PAGES/failsafe.lua,3,6,90,0,dc5b54bb,4906fd52
128x96,1.39,PAGES/filters1.lua,8,14,264,0,09d7d49e,7517c425
128x96,1.39,PAGES/filters2.lua,0,0,0,0,811c9dc5,811c9dc5
128x96,1.39,PAGES/gpspids.lua,0,0,0,0,811c9dc5,811c9dc5
128x96,1.39,PAGES/pid_advanced.lua,2,4,40,0,504f424c,4db09fcd
128x96,1.39,PAGES/pids1.lua,7,8,120,0,5a6a596a,4c570191
128x96,1.39,PAGES/pids2.lua,1,2,10,0,6198c9ff,446e6516
128x96,1.39,PAGES/pos_osd.lua,5,5,50,0,8df64165,0762ee95
128x96,1.39,PAGES/profiles.lua,0,2,8,0,b9754966,a88532f5
128x96,1.39,PAGES/pwm.lua,2,7,112,0,b802c486,86c2db61
128x96,1.39,PAGES/rates.lua,13,13,364,0,5c42b1b7,bd0952db
128x96,1.39,PAGES/rescue.lua,0,0,0,0,811c9dc5,811c9dc5
128x96,1.39,PAGES/rx.lua,1,6,78,0,f4288d2b,de22eeac
128x96,1.39,PAGES/simplified_tuning.lua,2,13,270,0,c9684e36,d2a8a9b1
128x96,1.39,PAGES/vtx.lua,0,6,72,0,e4f8d2ed,02d00405
128x96,1.4,CONFIRM/acc_cal.lua,4,1,5,0,231100e5,6e96ee3f
128x96,1.4,CONFIRM/pwm.lua,3,1,4,0,5b17ad14,dd6b8a49
128x96,1.4,CONFIRM/vtx_tables.lua,3,1,4,0,f91bf9d3,872b43a6
128x96,1.4,PAGES/acc_trim.lua,1,2,10,0,38cf043c,73ab0d8e
128x96,1.4,PAGES/battery.lua,2,4,40,0,a85aa2c7,eb417011
128x96,1.4,PAGES/failsafe.lua,3,6,90,0,9d3cff37,c9a4e8e2
128x96,1.4,PAGES/filters1.lua,8,14,264,0,b25c95ac,520acc47
128x96,1.4,PAGES/filters2.lua,0,0,0,0,811c9dc5,811c9dc5
128x96,1.4,PAGES/gpspids.lua,0,0,0,0,811c9dc5,811c9dc5
128x96,1.4,PAGES/pid_advanced.lua,4,12,239,0,089ccf3b,63bf6c35
128x96,1.4,PAGES/pids1.lua,7,8,120,0,bd807908,bfc76351
128x96,1.4,PAGES/pids2.lua,6,4,44,0,156250cd,9709c4cd
128x96,1.4,PAGES/pos_osd.lua,5,5,50,0,b96c83d1,29e0648b
128x96,1.4,PAGES/profiles.lua,0,2,8,0,1426099e,be3feee9
128x96,1.4,PAGES/pwm.lua,2,7,112,0,454a2f26,ab90bedb
128x96,1.4,PAGES/rates.lua,13,13,364,0,e84c529b,2bbfad71
128x96,1.4,PAGES/rescue.lua,0,0,0,0,811c9dc5,811c9dc5
128x96,1.4,PAGES/rx.lua,4,12,235,0,d8590623,e86ccc2a
128x96,1.4,PAGES/simplified_tuning.lua,2,13,270,0,0da83b3c,12f6494b
128x96,1.4,PAGES/vtx.lua,0,6,72,0,008df693,58c02751
128x96,1.41,CONFIRM/acc_cal.lua,4,1,5,0,87c50930,cd85733a
128x96,1.41,CONFIRM/pwm.lua,3,1,4,0,239dab7e,fd7b707b
128x96,1.41,CONFIRM/vtx_tables.lua,3,1,4,0,99b05fc3,c96570be
128x96,1.41,PAGES/acc_trim.lua,1,2,10,0,66b0528d,aaad47fa
128x96,1.41,PAGES/battery.lua,2,4,40,0,5b8ca055,4ee9a1c1
128x96,1.41,PAGES/failsafe.lua,3,6,90,0,a01c47b8,a60d5f66
128x96,1.41,PAGES/filters1.lua,10,21,409,0,647d57c9,9b66b220
128x96,1.41,PAGES/filters2.lua,0,0,0,0,811c9dc5,811c9dc5
128x96,1.41,PAGES/gpspids.lua,7,7,98,0,4b638c92,52c9d67a
128x96,1.41,PAGES/pid_advanced.lua,4,13,259,0,6a6e29c0,7d59fdd3
128x96,1.41,PAGES/pids1.lua,7,9,144,0,6baba5f6,35b65c76
128x96,1.41,PAGES/pids2.lua,8,9,180,0,ab1ebbe9,7aeb41b3
128x96,1.41,PAGES/pos_osd.lua,5,5,50,0,b878ccbf,10282461
128x96,1.41,PAGES/profiles.lua,0,2,8,0,0fec402a,c992bac9
128x96,1.41,PAGES/pwm.lua,2,6,84,0,359976c2,880657ed
128x96,1.41,PAGES/rates.lua,13,15,426,0,ea3fb226,877ec751
128x96,1.41,PAGES/rescue.lua,1,9,171,0,4ca91cd8,03ca6f3a
128x96,1.41,PAGES/rx.lua,4,12,235,0,abc93711,fcaae715
128x96,1.41,PAGES/simplified_tuning.lua,2,13,270,0,b65ef3ff,b8c37cdb
128x96,1.41,PAGES/vtx.lua,0,6,72,0,583ebb47,d28284ad
128x96,1.42,CONFIRM/acc_cal.lua,4,1,5,0,fdeccc6b,19d30a75
128x96,1.42,CONFIRM/pwm.lua,3,1,4,0,a9f5735c,3321f9d9
128x96,1.42,CONFIRM/vtx_tables.lua,3,1,4,0,4f6b6855,12fd5598
128x96,1.42,PAGES/acc_trim.lua,1,2,10,0,e7edc0e8,b3a0ba3c
128x96,1.42,PAGES/battery.lua,2,4,40,0,a5ff6421,c5f134e1
128x96,1.42,PAGES/failsafe.lua,3,6,90,0,4671d519,9106ad9a
128x96,1.42,PAGES/filters1.lua,10,21,409,0,284dd7d2,1bf1f62f
128x96,1.42,PAGES/filters2.lua,2,6,84,0,0a91d7a1,b83da199
128x96,1.42,PAGES/gpspids.lua,7,7,98,0,974a37c2,2b06815a
128x96,1.42,PAGES/pid_advanced.lua,4,13,261,0,3f61a307,70e53ef2
128x96,1.42,PAGES/pids1.lua,7,9,144,0,6191ad64,b8586a86
128x96,1.42,PAGES/pids2.lua,8,9,180,0,58bdba0e,9df46645
128x96,1.42,PAGES/pos_osd.lua,5,5,50,0,150db4a1,ab431e9d
128x96,1.42,PAGES/profiles.lua,0,2,8,0,59d5e002,93c0c02d
128x96,1.42,PAGES/pwm.lua,2,6,84,0,5d42f5d8,9e5ab41f
128x96,1.42,PAGES/rates.lua,13,15,426,0,a80d8430,5b93c9f1
128x96,1.42,PAGES/rescue.lua,1,9,171,0,e79a3846,f482b0f1
128x96,1.42,PAGES/rx.lua,4,13,256,0,c3a33866,3fce2582
128x96,1.42,PAGES/simplified_tuning.lua,2,13,270,0,80a1efec,86551b45
128x96,1.42,PAGES/vtx.lua,0,6,72,0,c8c27905,eaaba84d
128x96,1.43,CONFIRM/acc_cal.lua,4,1,5,0,9b3db032,ff2d9c50
128x96,1.43,CONFIRM/pwm.lua,3,1,4,0,c393020e,471938af
128x96,1.43,CONFIRM/vtx_tables.lua,3,1,4,0,f0a41adb,fa7862e2
128x96,1.43,PAGES/acc_trim.lua,1,2,10,0,f2e58f2f,24608c12
128x96,1.43,PAGES/battery.lua,2,4,40,0,da03fd11,f5c59bf1
128x96,1.43,PAGES/failsafe.lua,3,6,90,0,ac384a82,71eff6e6
128x96,1.43,PAGES/filters1.lua,10,21,409,0,b029b84b,b15ee782
128x96,1.43,PAGES/filters2.lua,2,6,84,0,8a2e3214,d7b06fe7
128x96,1.43,PAGES/gpspids.lua,7,7,98,0,138d2202,4e488726
128x96,1.43,PAGES/pid_advanced.lua,4,15,312,0,8fc4ef86,9f4fd931
128x96,1.43,PAGES/pids1.lua,7,9,144,0,0a19c4f2,d4bdf45a
128x96,1.43,PAGES/pids2.lua,8,9,180,0,2f5c108b,557168c7
128x96,1.43,PAGES/pos_osd.lua,5,5,50,0,8fd8b543,48451ff1
128x96,1.43,PAGES/profiles.lua,0,2,8,0,8d723492,66d86695
128x96,1.43,PAGES/pwm.lua,2,4,40,0,3ccc11ab,51451573
128x96,1.43,PAGES/rates.lua,13,16,451,0,3138f6c8,4cf368e2
128x96,1.43,PAGES/rescue.lua,1,13,277,0,67e2d030,1dc54104
128x96,1.43,PAGES/rx.lua,4,11,214,0,4a22b46a,ca04fc0e
128x96,1.43,PAGES/simplified_tuning.lua,2,13,270,0,0f48c719,4d046ceb
128x96,1.43,PAGES/vtx.lua,0,6,72,0,ec0d6de3,d6de7c11
128x96,1.44,CONFIRM/acc_cal.lua,4,1,5,0,508670bd,659a336b
128x96,1.44,CONFIRM/pwm.lua,3,1,4,0,57f28ce0,0db72db1
128x96,1.44,CONFIRM/vtx_tables.lua,3,1,4,0,9457e1d9,6d8c1148
128x96,1.44,PAGES/acc_trim.lua,1,2,10,0,2cfd362a,9ee84b48
128x96,1.44,PAGES/battery.lua,2,4,40,0,2f1b08d5,159db6d9
128x96,1.44,PAGES/failsafe.lua,3,6,90,0,82cba793,bbfdb34a
128x96,1.44,PAGES/filters1.lua,10,21,409,0,75bec790,92f78c6b
128x96,1.44,PAGES/filters2.lua,2,6,84,0,5afac772,e8fe741d
128x96,1.44,PAGES/gpspids.lua,7,7,98,0,04243332,fbfbbade
128x96,1.44,PAGES/pid_advanced.lua,4,16,336,0,93d4e872,e23ef1cb
128x96,1.44,PAGES/pids1.lua,7,9,144,0,81cfc0d7,e337f45d
128x96,1.44,PAGES/pids2.lua,8,14,320,0,ad6dcda1,50965fd9
128x96,1.44,PAGES/pos_osd.lua,5,5,50,0,73c1d521,d512bfdd
128x96,1.44,PAGES/profiles.lua,0,2,8,0,2b7bcd92,a2f790f9
128x96,1.44,PAGES/pwm.lua,2,6,84,0,3006d517,13558839
128x96,1.44,PAGES/rates.lua,13,16,451,0,c7c6b627,e12461bd
128x96,1.44,PAGES/rescue.lua,1,14,300,0,1106fda4,e423e482
128x96,1.44,PAGES/rx.lua,4,8,145,0,894a56fc,07b03a94
128x96,1.44,PAGES/simplified_tuning.lua,2,13,270,0,d7c0ea1e,04c74a51
128x96,1.44,PAGES/vtx.lua,0,6,72,0,1a54e9ad,85eca889
128x96,1.45,CONFIRM/acc_cal.lua,4,1,5,0,6823f56c,3deedb7e
128x96,1.45,CONFIRM/pwm.lua,3,1,4,0,0c7b3b96,0ba591eb
128x96,1.45,CONFIRM/vtx_tables.lua,3,1,4,0,6ae3d953,10e3e266
128x96,1.45,PAGES/acc_trim.lua,1,2,10,0,b13d5529,610931fa
128x96,1.45,PAGES/battery.lua,2,4,40,0,08ef5db5,c406c459
128x96,1.45,PAGES/failsafe.lua,3,6,90,0,9419543c,33234c56
128x96,1.45,PAGES/filters1.lua,10,21,409,0,d0221cad,96a59f2c
128x96,1.45,PAGES/filters2.lua,2,6,84,0,36a8600e,e6d82531
128x96,1.45,PAGES/gpspids.lua,7,7,98,0,f5a180c2,1e2c6dc2
128x96,1.45,PAGES/pid_advanced.lua,5,17,355,0,1524c5f7,8e23dd26
128x96,1.45,PAGES/pids1.lua,7,9,144,0,fb27bc8d,5c1e056d
128x96,1.45,PAGES/pids2.lua,8,14,320,0,134a6bd5,a72d8dfd
128x96,1.45,PAGES/pos_osd.lua,5,5,50,0,6709a437,8633b571
128x96,1.45,PAGES/profiles.lua,0,2,8,0,95e201aa,dcb853f9
128x96,1.45,PAGES/pwm.lua,2,6,84,0,17f9d913,371f843d
128x96,1.45,PAGES/rates.lua,12,14,406,0,2dcace4e,7e4047cf
128x96,1.45,PAGES/rescue.lua,1,14,300,0,90b04461,2f036c10
128x96,1.45,PAGES/rx.lua,4,8,145,0,59b4653a,f8753477
128x96,1.45,PAGES/simplified_tuning.lua,2,13,270,0,7849d53b,f17a296b
128x96,1.45,PAGES/vtx.lua,0,6,72,0,be95cfd7,8fd197a5
128x96,1.46,CONFIRM/acc_cal.lua,4,1,5,0,604e6537,1b9f9789
128x96,1.46,CONFIRM/pwm.lua,3,1,4,0,0904a64c,151ec621
128x96,1.46,CONFIRM/vtx_tables.lua,3,1,4,0,ed6ba30d,6c66f190
128x96,1.46,PAGES/acc_trim.lua,1,2,10,0,8009010c,fc6793c4
128x96,1.46,PAGES/battery.lua,2,4,40,0,f3d01509,e1bf4d39
128x96,1.46,PAGES/failsafe.lua,3,6,90,0,1073bfc5,6fa91702
128x96,1.46,PAGES/filters1.lua,10,21,409,0,48920802,5f8d9ee5
128x96,1.46,PAGES/filters2.lua,2,6,84,0,419ccd62,1ee26e9d
128x96,1.46,PAGES/gpspids.lua,7,7,98,0,e6da5b6a,93bbf712
128x96,1.46,PAGES/pid_advanced.lua,5,17,355,0,6484d11d,6c2f225b
128x96,1.46,PAGES/pids1.lua,7,9,144,0,668b1223,c4507d71
128x96,1.46,PAGES/pids2.lua,8,14,320,0,fbeaad59,46b089fd
128x96,1.46,PAGES/pos_osd.lua,5,5,50,0,c4b19349,8985070d
128x96,1.46,PAGES/profiles.lua,0,2,8,0,6442dc72,4e16f62d
128x96,1.46,PAGES/pwm.lua,2,6,84,0,8b854007,e0252c01
128x96,1.46,PAGES/rates.lua,12,14,406,0,f03d1878,b06d05dd
128x96,1.46,PAGES/rescue.lua,1,14,300,0,91c0d018,29f2afae
128x96,1.46,PAGES/rx.lua,4,8,145,0,755bc3c4,78030fc6
128x96,1.46,PAGES/simplified_tuning.lua,2,13,270,0,3885b0e0,177e7ef5
128x96,1.46,PAGES/vtx.lua,0,6,72,0,76920fdd,f7d0f895
128x96,1.47,CONFIRM/acc_cal.lua,4,1,5,0,0b55e64e,59f41f74
128x96,1.47,CONFIRM/pwm.lua,3,1,4,0,adef25f6,c19b8b17
128x96,1.47,CONFIRM/vtx_tables.lua,3,1,4,0,63aed2eb,317cd4e2
128x96,1.47,PAGES/acc_trim.lua,1,2,10,0,298fadbb,521ec532
128x96,1.47,PAGES/battery.lua,2,4,40,0,4af448d9,f8190909
128x96,1.47,PAGES/failsafe.lua,3,6,90,0,8204cba6,b124e136
128x96,1.47,PAGES/filters1.lua,10,21,409,0,9088b6c7,3c7c1c36
128x96,1.47,PAGES/filters2.lua,2,6,84,0,e12da83e,552805a9
128x96,1.47,PAGES/gpspids.lua,7,7,98,0,153dddf2,ac9f2e26
128x96,1.47,PAGES/pid_advanced.lua,5,17,355,0,53a971cf,73735f08
128x96,1.47,PAGES/pids1.lua,7,9,144,0,5bac13c5,f51cd701
128x96,1.47,PAGES/pids2.lua,8,14,320,0,11b6c955,9a1be3a9
128x96,1.47,PAGES/pos_osd.lua,5,5,50,0,07039483,fe7864c1
128x96,1.47,PAGES/profiles.lua,0,2,8,0,d4516f82,8b21f06d
128x96,1.47,PAGES/pwm.lua,2,6,84,0,1cb4e26b,3a190745
128x96,1.47,PAGES/rates.lua,12,14,406,0,6c9f81de,837f3f93
128x96,1.47,PAGES/rescue.lua,1,14,300,0,0a6460bb,ca480864
128x96,1.47,PAGES/rx.lua,4,7,126,0,2010f8d2,91f683de
128x96,1.47,PAGES/simplified_tuning.lua,2,13,270,0,1f277655,557f1a6b
128x96,1.47,PAGES/vtx.lua,0,6,72,0,c589de3b,e6d917b1
128x96,1.48,CONFIRM/acc_cal.lua,4,1,5,0,dfaf8359,b7802c1f
128x96,1.48,CONFIRM/pwm.lua,3,1,4,0,2d841098,ad3f24b9
128x96,1.48,CONFIRM/vtx_tables.lua,3,1,4,0,13f53e49,9c05ddc0
128x96,1.48,PAGES/acc_trim.lua,1,2,10,0,c6cb96ce,053c0648
128x96,1.48,PAGES/battery.lua,2,4,40,0,270a7e45,b045f191
128x96,1.48,PAGES/failsafe.lua,3,6,90,0,f0e69b0f,b7da6b52
128x96,1.48,PAGES/filters1.lua,10,21,409,0,f99ed2fc,6b850b37
128x96,1.48,PAGES/filters2.lua,2,6,84,0,59dde92a,63db935d
128x96,1.48,PAGES/gpspids.lua,7,7,98,0,e9ad0faa,81cb1e5e
128x96,1.48,PAGES/pid_advanced.lua,5,17,355,0,1d1099a1,81e0750d
128x96,1.48,PAGES/pids1.lua,7,9,144,0,1a723d0f,bab0efe5
128x96,1.48,PAGES/pids2.lua,8,14,320,0,a60734c9,228fc989
128x96,1.48,PAGES/pos_osd.lua,5,5,50,0,84395099,4d2eafcd
128x96,1.48,PAGES/profiles.lua,0,3,18,0,48f3313e,04ab67ff
128x96,1.48,PAGES/pwm.lua,2,6,84,0,3bda5e07,e59ed039
128x96,1.48,PAGES/rates.lua,12,14,406,0,1e2b4d54,da6d0315
128x96,1.48,PAGES/rescue.lua,1,14,300,0,1f42ab9a,ebb33a66
128x96,1.48,PAGES/rx.lua,4,7,126,0,ca70fcb9,a7e36304
128x96,1.48,PAGES/simplified_tuning.lua,2,13,270,0,0877eba2,7d7b5b49
128x96,1.48,PAGES/vtx.lua,0,6,72,0,0022ca85,e3bc6729
128x96,1.49,CONFIRM/acc_cal.lua,4,1,5,0,82232578,746651f2
128x96,1.49,CONFIRM/pwm.lua,3,1,4,0,06972dbe,14c9dc0b
128x96,1.49,CONFIRM/vtx_tables.lua,3,1,4,0,2b8dbfa3,62d38dce
128x96,1.49,PAGES/acc_trim.lua,1,2,10,0,b720c875,3e3aff9a
128x96,1.49,PAGES/battery.lua,2,4,40,0,def82655,9c91ac31
128x96,1.49,PAGES/failsafe.lua,3,6,90,0,265420f0,c7d7cea6
128x96,1.49,PAGES/filters1.lua,10,21,409,0,60552b31,a053b220
128x96,1.49,PAGES/filters2.lua,2,6,84,0,780b78ee,d9d72d71
128x96,1.49,PAGES/gpspids.lua,7,7,98,0,beea8dc2,c730c41a
128x96,1.49,PAGES/pid_advanced.lua,5,17,355,0,fac61b07,aeb4bd42
128x96,1.49,PAGES/pids1.lua,7,9,144,0,11322cf5,4c507f7d
128x96,1.49,PAGES/pids2.lua,8,14,320,0,3363c59d,58c0d71d
128x96,1.49,PAGES/pos_osd.lua,5,5,50,0,aef5bb0f,1aaa2db1
128x96,1.49,PAGES/profiles.lua,0,3,18,0,c581533d,d4000ed5
128x96,1.49,PAGES/pwm.lua,2,6,84,0,3d0f2e3b,3014746d
128x96,1.49,PAGES/rates.lua,12,14,406,0,2f6793c6,540f608f
128x96,1.49,PAGES/rescue.lua,1,14,300,0,6c95913d,beecf400
128x96,1.49,PAGES/rx.lua,4,7,126,0,37f8d338,fe6c5ab2
128x96,1.49,PAGES/simplified_tuning.lua,2,13,270,0,4d201ef7,79ea52eb
128x96,1.49,PAGES/vtx.lua,0,6,72,0,5d20b437,8277e1bd
212x64,1.15,CONFIRM/acc_cal.lua,4,1,5,0,d2c8f5e2,4f1f3ad8
212x64,1.15,CONFIRM/pwm.lua,3,1,4,0,e85887a6,70169a37
212x64,1.15,CONFIRM/vtx_tables.lua,3,1,4,0,e631511b,ce090aea
212x64,1.15,PAGES/acc_trim.lua,1,2,10,0,54a66caf,ba2ad2fa
212x64,1.15,PAGES/battery.lua,2,4,40,0,239502e1,1bf77e41
212x64,1.15,PAGES/failsafe.lua,2,6,74,0,314891c5,863a04bc
212x64,1.15,PAGES/filters1.lua,0,0,0,0,811c9dc5,811c9dc5
212x64,1.15,PAGES/filters2.lua,0,0,0,0,811c9dc5,811c9dc5
212x64,1.15,PAGES/gpspids.lua,0,0,0,0,811c9dc5,811c9dc5
212x64,1.15,PAGES/pid_advanced.lua,0,0,0,0,811c9dc5,811c9dc5
212x64,1.15,PAGES/pids1.lua,0,0,0,0,811c9dc5,811c9dc5
212x64,1.15,PAGES/pids2.lua,0,0,0,0,811c9dc5,811c9dc5
212x64,1.15,PAGES/pos_osd.lua,5,5,50,0,9e459283,8ab27001
212x64,1.15,PAGES/profiles.lua,0,2,8,0,c9ee8832,657ad23d
212x64,1.15,PAGES/pwm.lua,2,5,60,0,9c20fbba,a85a1074
212x64,1.15,PAGES/rates.lua,0,0,0,0,811c9dc5,811c9dc5
212x64,1.15,PAGES/rescue.lua,0,0,0,0,811c9dc5,811c9dc5
212x64,1.15,PAGES/rx.lua,0,0,0,0,811c9dc5,811c9dc5
212x64,1.15,PAGES/simplified_tuning.lua,2,13,185,0,bad7cdd9,a9ffb41d
212x64,1.15,PAGES/vtx.lua,0,0,0,0,811c9dc5,811c9dc5
212x64,1.16,CONFIRM/acc_cal.lua,4,1,5,0,e50bbd91,5e811ecf
212x64,1.16,CONFIRM/pwm.lua,3,1,4,0,de5bf400,92442b21
212x64,1.16,CONFIRM/vtx_tables.lua,3,1,4,0,8d927919,e51f3930
212x64,1.16,PAGES/acc_trim.lua,1,2,10,0,593a21de,063f0e60
212x64,1.16,PAGES/battery.lua,2,4,40,0,e84a0fa5,2a505721
212x64,1.16,PAGES/failsafe.lua,2,6,74,0,4b955b79,0d26601e
212x64,1.16,PAGES/filters1.lua,3,3,27,0,b84e235a,c70be726
212x64,1.16,PAGES/filters2.lua,0,0,0,0,811c9dc5,811c9dc5
212x64,1.16,PAGES/gpspids.lua,0,0,0,0,811c9dc5,811c9dc5
212x64,1.16,PAGES/pid_advanced.lua,0,1,2,0,18bee406,a396c30e
212x64,1.16,PAGES/pids1.lua,7,8,120,0,7d29ed8e,669ff6a5
212x64,1.16,PAGES/pids2.lua,0,0,0,0,811c9dc5,811c9dc5
212x64,1.16,PAGES/pos_osd.lua,5,5,50,0,1abe3751,5e509565
212x64,1.16,PAGES/profiles.lua,0,2,8,0,44880f92,d300e1d1
212x64,1.16,PAGES/pwm.lua,2,5,60,0,3763ff6f,588b9604
212x64,1.16,PAGES/rates.lua,13,11,196,0,fe7de9f6,568b1f2c
212x64,1.16,PAGES/rescue.lua,0,0,0,0,811c9dc5,811c9dc5
212x64,1.16,PAGES/rx.lua,1,3,21,0,fa68ff11,23da1858
212x64,1.16,PAGES/simplified_tuning.lua,2,13,185,0,b6b090ca,c7db21e0
212x64,1.16,PAGES/vtx.lua,0,0,0,0,811c9dc5,811c9dc5
212x64,1.18,CONFIRM/acc_cal.lua,4,1,5,0,78e1c94f,ec6f4629
212x64,1.18,CONFIRM/pwm.lua,3,1,4,0,612f488c,ec4d7699
212x64,1.18,CONFIRM/vtx_tables.lua,3,1,4,0,7b1ae885,94a1eae0
212x64,1.18,PAGES/acc_trim.lua,1,2,10,0,80bb5a9c,d6ef7d94
212x64,1.18,PAGES/battery.lua,2,4,40,0,d9887fb9,52472769
212x64,1.18,PAGES/failsafe.lua,2,6,74,0,d42cb401,65d3dfd6
212x64,1.18,PAGES/filters1.lua,3,3,27,0,12e7a2ae,6b26bdfc
212x64,1.18,PAGES/filters2.lua,0,0,0,0,811c9dc5,811c9dc5
212x64,1.18,PAGES/gpspids.lua,0,0,0,0,811c9dc5,811c9dc5
212x64,1.18,PAGES/pid_advanced.lua,0,1,2,0,175c1d00,6a0faf9a
212x64,1.18,PAGES/pids1.lua,7,8,120,0,be52d708,fc114319
212x64,1.18,PAGES/pids2.lua,0,0,0,0,811c9dc5,811c9dc5
212x64,1.18,PAGES/pos_osd.lua,5,5,50,0,7e12c941,fe54ce55
212x64,1.18,PAGES/profiles.lua,0,2,8,0,6426584a,24d3f5bd
212x64,1.18,PAGES/pwm.lua,2,5,60,0,ca21d95d,f5087d10
212x64,1.18,PAGES/rates.lua,13,11,196,0,b6a0877e,31621e24
212x64,1.18,PAGES/rescue.lua,0,0,0,0,811c9dc5,811c9dc5
212x64,1.18,PAGES/rx.lua,1,3,21,0,29a25f61,cbfb9482
212x64,1.18,PAGES/simplified_tuning.lua,2,13,185,0,c6b200a8,094ba79a
212x64,1.18,PAGES/vtx.lua,0,0,0,0,811c9dc5,811c9dc5
212x64,1.2,CONFIRM/acc_cal.lua,4,1,5,0,748c6a08,2b165266
212x64,1.2,CONFIRM/pwm.lua,3,1,4,0,ce39f96a,a2152a63
212x64,1.2,CONFIRM/vtx_tables.lua,3,1,4,0,765d1921,6a0fd018
212x64,1.2,PAGES/acc_trim.lua,1,2,10,0,9683eb2d,5bd35fea
212x64,1.2,PAGES/battery.lua,2,4,40,0,bc775701,46eee6e1
212x64,1.2,PAGES/failsafe.lua,2,6,74,0,641c363f,db21c28a
212x64,1.2,PAGES/filters1.lua,5,7,82,0,b5280382,c78ad991
212x64,1.2,PAGES/filters2.lua,0,0,0,0,811c9dc5,811c9dc5
212x64,1.2,PAGES/gpspids.lua,0,0,0,0,811c9dc5,811c9dc5
212x64,1.2,PAGES/pid_advanced.lua,0,1,2,0,b2c6e027,9009130a
212x64,1.2,PAGES/pids1.lua,7,8,120,0,ac9513e3,996f0cbd
212x64,1.2,PAGES/pids2.lua,0,0,0,0,811c9dc5,811c9dc5
212x64,1.2,PAGES/pos_osd.lua,5,5,50,0,b029d3b5,39521901
212x64,1.2,PAGES/profiles.lua,0,2,8,0,cd6d9e30,e214b1f5
212x64,1.2,PAGES/pwm.lua,2,5,60,0,f2ada468,1bce3e80
212x64,1.2,PAGES/rates.lua,13,11,196,0,fe7974e4,3cc9f58a
212x64,1.2,PAGES/rescue.lua,0,0,0,0,811c9dc5,811c9dc5
212x64,1.2,PAGES/rx.lua,1,5,55,0,b1444588,eb6cfe7e
212x64,1.2,PAGES/simplified_tuning.lua,2,13,185,0,faa9ae33,b15dd27f
212x64,1.2,PAGES/vtx.lua,0,0,0,0,811c9dc5,811c9dc5
212x64,1.21,CONFIRM/acc_cal.lua,4,1,5,0,2424a40f,caa8562d
212x64,1.21,CONFIRM/pwm.lua,3,1,4,0,ceeb6ca0,a06543c1
212x64,1.21,CONFIRM/vtx_tables.lua,3,1,4,0,1eb54075,cb89b084
212x64,1.21,PAGES/acc_trim.lua,1,2,10,0,e52877cc,8585a240
212x64,1.21,PAGES/battery.lua,2,4,40,0,30a1dc85,dd6bb179
212x64,1.21,PAGES/failsafe.lua,2,6,74,0,ce910005,2d93e486
212x64,1.21,PAGES/filters1.lua,6,9,109,0,d566a722,a38d7407
212x64,1.21,PAGES/filters2.lua,0,0,0,0,811c9dc5,811c9dc5
212x64,1.21,PAGES/gpspids.lua,0,0,0,0,811c9dc5,811c9dc5
212x64,1.21,PAGES/pid_advanced.lua,0,1,2,0,b5f887d4,6f2ac6f2
212x64,1.21,PAGES/pids1.lua,7,8,120,0,dd2a17c0,b31eb75d
212x64,1.21,PAGES/pids2.lua,1,2,10,0,4134e6c9,5234248e
212x64,1.21,PAGES/pos_osd.lua,5,5,50,0,5d2f4a51,a5f86441
212x64,1.21,PAGES/profiles.lua,0,2,8,0,ef76fb72,c4ea6761
212x64,1.21,PAGES/pwm.lua,2,5,60,0,36a29c7f,4eda38fc
212x64,1.21,PAGES/rates.lua,13,11,196,0,553cdb82,dd3cba64
212x64,1.21,PAGES/rescue.lua,0,0,0,0,811c9dc5,811c9dc5
212x64,1.21,PAGES/rx.lua,1,5,55,0,f9ed9fc4,4887b59b
212x64,1.21,PAGES/simplified_tuning.lua,2,13,185,0,687b2bb8,e0d1fa8a
212x64,1.21,PAGES/vtx.lua,0,0,0,0,811c9dc5,811c9dc5
212x64,1.26,CONFIRM/acc_cal.lua,4,1,5,0,bdd576c0,d4bca81e
212x64,1.26,CONFIRM/pwm.lua,3,1,4,0,c9a01a76,64a0d08f
212x64,1.26,CONFIRM/vtx_tables.lua,3,1,4,0,6e8b1127,50ebeade
212x64,1.26,PAGES/acc_trim.lua,1,2,10,0,6dd2e641,0d77d4d6
212x64,1.26,PAGES/battery.lua,2,4,40,0,21f1c7a5,755c0809
212x64,1.26,PAGES/failsafe.lua,2,6,74,0,8b0873f9,89a17f38
212x64,1.26,PAGES/filters1.lua,6,9,109,0,80af5561,743e7e34
212x64,1.26,PAGES/filters2.lua,0,0,0,0,811c9dc5,811c9dc5
212x64,1.26,PAGES/gpspids.lua,0,0,0,0,811c9dc5,811c9dc5
212x64,1.26,PAGES/pid_advanced.lua,0,1,2,0,e0c7c7bb,521f1b2a
212x64,1.26,PAGES/pids1.lua,7,8,120,0,38c0799b,df4d8fed
212x64,1.26,PAGES/pids2.lua,1,2,10,0,fc8f10e8,03d695c8
212x64,1.26,PAGES/pos_osd.lua,5,5,50,0,4a9f7567,4f8e6171
212x64,1.26,PAGES/profiles.lua,0,2,8,0,deba75ce,0b98bd35
212x64,1.26,PAGES/pwm.lua,2,5,60,0,a228e248,017bacfc
212x64,1.26,PAGES/rates.lua,13,11,196,0,0a911214,14f43c2e
212x64,1.26,PAGES/rescue.lua,0,0,0,0,811c9dc5,811c9dc5
212x64,1.26,PAGES/rx.lua,1,5,55,0,27d73eac,1081e37a
212x64,1.26,PAGES/simplified_tuning.lua,2,13,185,0,5de622db,69b534bf
212x64,1.26,PAGES/vtx.lua,0,0,0,0,811c9dc5,811c9dc5
212x64,1.31,CONFIRM/acc_cal.lua,4,1,5,0,905eeaf8,1f1adeaa
212x64,1.31,CONFIRM/pwm.lua,3,1,4,0,b2258ebe,5d67c6b3
212x64,1.31,CONFIRM/vtx_tables.lua,3,1,4,0,7f7acb6f,c8a27542
212x64,1.31,PAGES/acc_trim.lua,1,2,10,0,2e427f05,9ff8be22
212x64,1.31,PAGES/battery.lua,2,4,40,0,0749357d,24b9a689
212x64,1.31,PAGES/failsafe.lua,2,6,74,0,74b56779,be47417c
212x64,1.31,PAGES/filters1.lua,6,9,109,0,9f5b265d,791c91c8
212x64,1.31,PAGES/filters2.lua,0,0,0,0,811c9dc5,811c9dc5
212x64,1.31,PAGES/gpspids.lua,0,0,0,0,811c9dc5,811c9dc5
212x64,1.31,PAGES/pid_advanced.lua,1,3,21,0,4d8f18ad,3ecedcdb
212x64,1.31,PAGES/pids1.lua,7,8,120,0,4131e99f,ab7c64b1
212x64,1.31,PAGES/pids2.lua,1,2,10,0,8c8a4050,59957838
212x64,1.31,PAGES/pos_osd.lua,5,5,50,0,e51bf753,cd47d6a1
212x64,1.31,PAGES/profiles.lua,0,2,8,0,73bc1c56,d520c7e1
212x64,1.31,PAGES/pwm.lua,2,7,90,0,0c2f7dab,7b9fd32d
212x64,1.31,PAGES/rates.lua,13,11,196,0,c1febfc4,0e8d547a
212x64,1.31,PAGES/rescue.lua,0,0,0,0,811c9dc5,811c9dc5
212x64,1.31,PAGES/rx.lua,1,6,78,0,c22485b6,03e36e3b
212x64,1.31,PAGES/simplified_tuning.lua,2,13,185,0,c982c507,b67781cf
212x64,1.31,PAGES/vtx.lua,0,0,0,0,811c9dc5,811c9dc5
212x64,1.33,CONFIRM/acc_cal.lua,4,1,5,0,2edb5e0a,0f5fa4e0
212x64,1.33,CONFIRM/pwm.lua,3,1,4,0,56f5f5ee,fd2cd7a7
212x64,1.33,CONFIRM/vtx_tables.lua,3,1,4,0,2dc2e327,8921b066
212x64,1.33,PAGES/acc_trim.lua,1,2,10,0,686d957f,dc08d792
212x64,1.33,PAGES/battery.lua,2,4,40,0,f67f8901,9b328119
212x64,1.33,PAGES/failsafe.lua,2,6,74,0,c7ff4241,d04a0058
212x64,1.33,PAGES/filters1.lua,6,9,109,0,49d7b8ff,c9259f1a
212x64,1.33,PAGES/filters2.lua,0,0,0,0,811c9dc5,811c9dc5
212x64,1.33,PAGES/gpspids.lua,0,0,0,0,811c9dc5,811c9dc5
212x64,1.33,PAGES/pid_advanced.lua,1,3,21,0,92a1fb55,a0f76a95
212x64,1.33,PAGES/pids1.lua,7,8,120,0,0b85ce1d,3535e725
212x64,1.33,PAGES/pids2.lua,1,2,10,0,5254279a,823ace38
212x64,1.33,PAGES/pos_osd.lua,5,5,50,0,17a4215f,3cd6a969
212x64,1.33,PAGES/profiles.lua,0,2,8,0,8e3ffec6,f7df532d
212x64,1.33,PAGES/pwm.lua,2,7,90,0,65b2f901,ca67b445
212x64,1.33,PAGES/rates.lua,13,11,196,0,7f76dea0,68ce5046
212x64,1.33,PAGES/rescue.lua,0,0,0,0,811c9dc5,811c9dc5
212x64,1.33,PAGES/rx.lua,1,6,78,0,5c7e3694,4988e08b
212x64,1.33,PAGES/simplified_tuning.lua,2,13,185,0,becbb8b9,8cf91c7d
212x64,1.33,PAGES/vtx.lua,0,0,0,0,811c9dc5,811c9dc5
212x64,1.35,CONFIRM/acc_cal.lua,4,1,5,0,a3e0aa54,dac8e92e
212x64,1.35,CONFIRM/pwm.lua,3,1,4,0,07ece356,cc9e9e03
212x64,1.35,CONFIRM/vtx_tables.lua,3,1,4,0,1b7088bf,9158a31a
212x64,1.35,PAGES/acc_trim.lua,1,2,10,0,bba5abf1,a5775222
212x64,1.35,PAGES/battery.lua,2,4,40,0,a262ece5,814c48c1
212x64,1.35,PAGES/failsafe.lua,2,6,74,0,9a7e98e1,6dd467d4
212x64,1.35,PAGES/filters1.lua,6,9,109,0,98c27f29,5ba750fc
212x64,1.35,PAGES/filters2.lua,0,0,0,0,811c9dc5,811c9dc5
212x64,1.35,PAGES/gpspids.lua,0,0,0,0,811c9dc5,811c9dc5
212x64,1.35,PAGES/pid_advanced.lua,1,3,21,0,45314f75,a3b7dccf
212x64,1.35,PAGES/pids1.lua,7,8,120,0,d4f6183b,9e70b0b9
212x64,1.35,PAGES/pids2.lua,1,2,10,0,3b6b8e94,9ac03728
212x64,1.35,PAGES/pos_osd.lua,5,5,50,0,28cea03b,04ffed31
212x64,1.35,PAGES/profiles.lua,0,2,8,0,c52bc18e,b6809729
212x64,1.35,PAGES/pwm.lua,2,7,90,0,46cb253f,ec0e0145
212x64,1.35,PAGES/rates.lua,13,11,196,0,7a97120c,525ac622
212x64,1.35,PAGES/rescue.lua,0,0,0,0,811c9dc5,811c9dc5
212x64,1.35,PAGES/rx.lua,1,6,78,0,b51e79d2,c55ef613
212x64,1.35,PAGES/simplified_tuning.lua,2,13,185,0,6b8e9263,f07cdadb
212x64,1.35,PAGES/vtx.lua,0,0,0,0,811c9dc5,811c9dc5
212x64,1.36,CONFIRM/acc_cal.lua,4,1,5,0,f4b71927,2be610c1
212x64,1.36,CONFIRM/pwm.lua,3,1,4,0,76250714,c3c60581
212x64,1.36,CONFIRM/vtx_tables.lua,3,1,4,0,70a1b591,e20e9b3c
212x64,1.36,PAGES/acc_trim.lua,1,2,10,0,330b8810,27789208
212x64,1.36,PAGES/battery.lua,2,4,40,0,ee21a1ad,86e56b79
212x64,1.36,PAGES/failsafe.lua,2,6,74,0,4a019295,6398891e
212x64,1.36,PAGES/filters1.lua,6,10,125,0,c32b664b,d7a50c81
212x64,1.36,PAGES/filters2.lua,0,0,0,0,811c9dc5,811c9dc5
212x64,1.36,PAGES/gpspids.lua,0,0,0,0,811c9dc5,811c9dc5
212x64,1.36,PAGES/pid_advanced.lua,2,4,40,0,1d7584b8,82a8389d
212x64,1.36,PAGES/pids1.lua,7,8,120,0,c3f3bd5c,101a9f01
212x64,1.36,PAGES/pids2.lua,1,2,10,0,9a2ad211,71b287ca
212x64,1.36,PAGES/pos_osd.lua,5,5,50,0,c9d37549,a7094b11
212x64,1.36,PAGES/profiles.lua,0,2,8,0,2b1ba412,696d7495
212x64,1.36,PAGES/pwm.lua,2,7,90,0,ba60ea34,088c0bde
212x64,1.36,PAGES/rates.lua,13,11,196,0,4e23b3f6,e598bb54
212x64,1.36,PAGES/rescue.lua,0,0,0,0,811c9dc5,811c9dc5
212x64,1.36,PAGES/rx.lua,1,6,78,0,d33b6eb1,b8b7bb3b
212x64,1.36,PAGES/simplified_tuning.lua,2,13,185,0,c556c2ec,2525b83a
212x64,1.36,PAGES/vtx.lua,0,6,72,0,0c3792bc,d2b12a65
212x64,1.37,CONFIRM/acc_cal.lua,4,1,5,0,7b9a1686,83ec4a24
212x64,1.37,CONFIRM/pwm.lua,3,1,4,0,88ac2a96,982a050f
212x64,1.37,CONFIRM/vtx_tables.lua,3,1,4,0,69e664c7,931cac16
212x64,1.37,PAGES/acc_trim.lua,1,2,10,0,6abb00db,0be16112
212x64,1.37,PAGES/battery.lua,2,4,40,0,2811aa11,f2ea2311
212x64,1.37,PAGES/failsafe.lua,2,6,74,0,19635e39,192df858
212x64,1.37,PAGES/filters1.lua,6,10,125,0,1f274db5,64a2a536
212x64,1.37,PAGES/filters2.lua,0,0,0,0,811c9dc5,811c9dc5
212x64,1.37,PAGES/gpspids.lua,0,0,0,0,811c9dc5,811c9dc5
212x64,1.37,PAGES/pid_advanced.lua,2,4,40,0,e378eb10,b1b71c6d
212x64,1.37,PAGES/pids1.lua,7,8,120,0,b9879249,6dd99615
212x64,1.37,PAGES/pids2.lua,1,2,10,0,8753528e,c85dfc08
212x64,1.37,PAGES/pos_osd.lua,5,5,50,0,0af008cf,fa529bb9
212x64,1.37,PAGES/profiles.lua,0,2,8,0,cc674cfe,36a8b1bd
212x64,1.37,PAGES/pwm.lua,2,7,90,0,d7ec36d9,f5389ada
212x64,1.37,PAGES/rates.lua,13,13,256,0,03c8fc9f,770c1820
212x64,1.37,PAGES/rescue.lua,0,0,0,0,811c9dc5,811c9dc5
212x64,1.37,PAGES/rx.lua,1,6,78,0,9bbcefa0,ab154753
212x64,1.37,PAGES/simplified_tuning.lua,2,13,185,0,2f010f65,01a2cac9
212x64,1.37,PAGES/vtx.lua,0,6,72,0,98c5c9fb,c4a034a9
212x64,1.38,CONFIRM/acc_cal.lua,4,1,5,0,3533f1f9,98f33877
212x64,1.38,CONFIRM/pwm.lua,3,1,4,0,4f740f30,ff8fc6d9
212x64,1.38,CONFIRM/vtx_tables.lua,3,1,4,0,9d0df1bd,575da90c
212x64,1.38,PAGES/acc_trim.lua,1,2,10,0,b919ddca,e523befc
212x64,1.38,PAGES/battery.lua,2,4,40,0,caa06981,f9a29a11
212x64,1.38,PAGES/failsafe.lua,2,6,74,0,3c6e2d5d,02a1eb86
212x64,1.38,PAGES/filters1.lua,6,10,125,0,070fe793,d967d593
212x64,1.38,PAGES/filters2.lua,0,0,0,0,811c9dc5,811c9dc5
212x64,1.38,PAGES/gpspids.lua,0,0,0,0,811c9dc5,811c9dc5
212x64,1.38,PAGES/pid_advanced.lua,2,4,40,0,1f0b8e90,4773c225
212x64,1.38,PAGES/pids1.lua,7,8,120,0,82ca853a,1870a8f5
212x64,1.38,PAGES/pids2.lua,1,2,10,0,d467134b,0efaaf6e
212x64,1.38,PAGES/pos_osd.lua,5,5,50,0,a1fa0939,866303c1
212x64,1.38,PAGES/profiles.lua,0,2,8,0,e6d8f3aa,d680adc1
212x64,1.38,PAGES/pwm.lua,2,7,90,0,f551a2e2,39eafa2a
212x64,1.38,PAGES/rates.lua,13,13,256,0,7007567b,ad6fc150
212x64,1.38,PAGES/rescue.lua,0,0,0,0,811c9dc5,811c9dc5
212x64,1.38,PAGES/rx.lua,1,6,78,0,64324fb7,56ee5943
212x64,1.38,PAGES/simplified_tuning.lua,2,13,185,0,98c85a76,b6e44740
212x64,1.38,PAGES/vtx.lua,0,6,72,0,829b7621,08b16691
212x64,1.39,CONFIRM/acc_cal.lua,4,1,5,0,772a5ae0,1c49e952
212x64,1.39,CONFIRM/pwm.lua,3,1,4,0,c0e109de,390007e3
212x64,1.39,CONFIRM/vtx_tables.lua,3,1,4,0,2674a51f,6a0da9f2
212x64,1.39,PAGES/acc_trim.lua,1,2,10,0,1235e07d,fe4e8a92
212x64,1.39,PAGES/battery.lua,2,4,40,0,2aa8efbd,48e7dd39
212x64,1.39,PAGES/failsafe.lua,3,6,70,0,390a9018,bd23371c
212x64,1.39,PAGES/filters1.lua,8,14,175,0,fde5ed44,10051aee
212x64,1.39,PAGES/filters2.lua,0,0,0,0,811c9dc5,811c9dc5
212x64,1.39,PAGES/gpspids.lua,0,0,0,0,811c9dc5,811c9dc5
212x64,1.39,PAGES/pid_advanced.lua,2,4,40,0,2e2ac358,ef88f9d5
212x64,1.39,PAGES/pids1.lua,7,8,120,0,1420a217,89710241
212x64,1.39,PAGES/pids2.lua,1,2,10,0,18311078,4b014278
212x64,1.39,PAGES/pos_osd.lua,5,5,50,0,de4d1fa3,855f4a01
212x64,1.39,PAGES/profiles.lua,0,2,8,0,38df4296,f8636771
212x64,1.39,PAGES/pwm.lua,2,7,90,0,92dc820f,60598d3e
212x64,1.39,PAGES/rates.lua,13,13,256,0,9d97fe4f,f35d9804
212x64,1.39,PAGES/rescue.lua,0,0,0,0,811c9dc5,811c9dc5
212x64,1.39,PAGES/rx.lua,1,6,78,0,ee35d4de,5588b82b
212x64,1.39,PAGES/simplified_tuning.lua,2,13,185,0,85c8a31f,97879e67
212x64,1.39,PAGES/vtx.lua,0,6,72,0,7e72258f,00ed1c3d
212x64,1.4,CONFIRM/acc_cal.lua,4,1,5,0,2feaed86,945b3d98
212x64,1.4,CONFIRM/pwm.lua,3,1,4,0,6ad3be92,fdffe727
212x64,1.4,CONFIRM/vtx_tables.lua,3,1,4,0,6ac84699,d1ec5ae4
212x64,1.4,PAGES/acc_trim.lua,1,2,10,0,0e7f9b0f,3abb8ee6
212x64,1.4,PAGES/battery.lua,2,4,40,0,cb72c67d,a03075b9
212x64,1.4,PAGES/failsafe.lua,3,6,70,0,3584da6e,90a334fe
212x64,1.4,PAGES/filters1.lua,8,14,175,0,43e71870,8ccd2542
212x64,1.4,PAGES/filters2.lua,0,0,0,0,811c9dc5,811c9dc5
212x64,1.4,PAGES/gpspids.lua,0,0,0,0,811c9dc5,811c9dc5
212x64,1.4,PAGES/pid_advanced.lua,4,12,160,0,f357ce75,ce181101
212x64,1.4,PAGES/pids1.lua,7,8,120,0,8d6b6079,fb700ca1
212x64,1.4,PAGES/pids2.lua,6,4,44,0,adc8e4e3,3488ac81
212x64,1.4,PAGES/pos_osd.lua,5,5,50,0,38a6fd45,901081bd
212x64,1.4,PAGES/profiles.lua,0,2,8,0,95c320f8,0fd7df7d
212x64,1.4,PAGES/pwm.lua,2,7,90,0,d0c13d35,ceaf8afe
212x64,1.4,PAGES/rates.lua,13,13,256,0,1acc00a5,71864572
212x64,1.4,PAGES/rescue.lua,0,0,0,0,811c9dc5,811c9dc5
212x64,1.4,PAGES/rx.lua,4,12,161,0,8e3a4d9f,12de27e2
212x64,1.4,PAGES/simplified_tuning.lua,2,13,185,0,96426055,57440b75
212x64,1.4,PAGES/vtx.lua,0,6,72,0,e18b2997,99ea1909
212x64,1.41,CONFIRM/acc_cal.lua,4,1,5,0,37ba0771,0bb4860b
212x64,1.41,CONFIRM/pwm.lua,3,1,4,0,b972a8d4,0fef57e9
212x64,1.41,CONFIRM/vtx_tables.lua,3,1,4,0,a4141425,a5706950
212x64,1.41,PAGES/acc_trim.lua,1,2,10,0,51776516,78c1241c
212x64,1.41,PAGES/battery.lua,2,4,40,0,f1316951,03d00629
212x64,1.41,PAGES/failsafe.lua,3,6,70,0,13f0af53,3cccb0a4
212x64,1.41,PAGES/filters1.lua,10,21,276,0,9831cb84,f8b42f8d
212x64,1.41,PAGES/filters2.lua,0,0,0,0,811c9dc5,811c9dc5
212x64,1.41,PAGES/gpspids.lua,7,7,98,0,8aeedc42,1765df36
212x64,1.41,PAGES/pid_advanced.lua,4,13,176,0,c10c4e15,fd2d50d6
212x64,1.41,PAGES/pids1.lua,7,9,144,0,e743d52c,61ab4c62
212x64,1.41,PAGES/pids2.lua,8,9,131,0,17fd98c4,8412f94e
212x64,1.41,PAGES/pos_osd.lua,5,5,50,0,8908030d,18c1d181
212x64,1.41,PAGES/profiles.lua,0,2,8,0,0dfaa1ae,42da17bd
212x64,1.41,PAGES/pwm.lua,2,6,75,0,4648b0cc,fc78dc26
212x64,1.41,PAGES/rates.lua,13,15,287,0,03e1eab4,0b96c05e
212x64,1.41,PAGES/rescue.lua,1,9,121,0,57bacea6,7be11bba
212x64,1.41,PAGES/rx.lua,4,12,161,0,1996ba6d,fc2a9801
212x64,1.41,PAGES/simplified_tuning.lua,2,13,185,0,0709fc22,92b76798
212x64,1.41,PAGES/vtx.lua,0,6,72,0,21bcafe1,0e4e1d45
212x64,1.42,CONFIRM/acc_cal.lua,4,1,5,0,c86bdc02,7144d114
212x64,1.42,CONFIRM/pwm.lua,3,1,4,0,9a13b486,fd74430b
212x64,1.42,CONFIRM/vtx_tables.lua,3,1,4,0,101bf633,5d2a123e
212x64,1.42,PAGES/acc_trim.lua,1,2,10,0,588b577f,fe69d9d2
212x64,1.42,PAGES/battery.lua,2,4,40,0,bc0f2c2d,84f63919
212x64,1.42,PAGES/failsafe.lua,3,6,70,0,cc5f6d7e,702e4c14
212x64,1.42,PAGES/filters1.lua,10,21,276,0,e5cb5db7,f2cb7b5b
212x64,1.42,PAGES/filters2.lua,2,6,75,0,552c6a31,4fe3fa5b
212x64,1.42,PAGES/gpspids.lua,7,7,98,0,c9ae975a,1bd1409e
212x64,1.42,PAGES/pid_advanced.lua,4,13,176,0,11b8c306,289a1b6b
212x64,1.42,PAGES/pids1.lua,7,9,144,0,a7080646,d63d939a
212x64,1.42,PAGES/pids2.lua,8,9,131,0,9fafe1bb,e937250f
212x64,1.42,PAGES/pos_osd.lua,5,5,50,0,0dd838eb,b97c2dcd
212x64,1.42,PAGES/profiles.lua,0,2,8,0,e1e5bc4e,fb04b719
212x64,1.42,PAGES/pwm.lua,2,6,75,0,532ac71c,45b5b4a9
212x64,1.42,PAGES/rates.lua,13,15,287,0,f48cbcaa,16d13bd5
212x64,1.42,PAGES/rescue.lua,1,9,121,0,a59d6838,ae7aaf51
212x64,1.42,PAGES/rx.lua,4,13,175,0,f60a4ee3,e91b70b4
212x64,1.42,PAGES/simplified_tuning.lua,2,13,185,0,c4abdb01,074868fd
212x64,1.42,PAGES/vtx.lua,0,6,72,0,cc1e632b,2432567d
212x64,1.43,CONFIRM/acc_cal.lua,4,1,5,0,55cade23,efe74391
212x64,1.43,CONFIRM/pwm.lua,3,1,4,0,6d3f36e8,c08841a1
212x64,1.43,CONFIRM/vtx_tables.lua,3,1,4,0,5ef105b1,16f7da30
212x64,1.43,PAGES/acc_trim.lua,1,2,10,0,d762a57c,f414152c
212x64,1.43,PAGES/battery.lua,2,4,40,0,bc251f69,b0ab93d1
212x64,1.43,PAGES/failsafe.lua,3,6,70,0,8cdf5695,22b88920
212x64,1.43,PAGES/filters1.lua,10,21,276,0,08805482,1ddd19e1
212x64,1.43,PAGES/filters2.lua,2,6,75,0,4e1a1a5e,e9da69ec
212x64,1.43,PAGES/gpspids.lua,7,7,98,0,d16afb66,bcc059fe
212x64,1.43,PAGES/pid_advanced.lua,4,15,208,0,7ff2da65,643e782b
212x64,1.43,PAGES/pids1.lua,7,9,144,0,ed9b38fc,270c00ae
212x64,1.43,PAGES/pids2.lua,8,9,131,0,3afb2ade,13cc11e8
212x64,1.43,PAGES/pos_osd.lua,5,5,50,0,5c1a4af9,15fd3bdd
212x64,1.43,PAGES/profiles.lua,0,2,8,0,8f7dd022,1fcfafc9
212x64,1.43,PAGES/pwm.lua,2,4,40,0,879322c3,fb035153
212x64,1.43,PAGES/rates.lua,13,16,315,0,a85dd2d5,fcb963fc
212x64,1.43,PAGES/rescue.lua,1,13,190,0,abe1b356,aa9c1143
212x64,1.43,PAGES/rx.lua,4,11,143,0,b91734f3,39b4ecf6
212x64,1.43,PAGES/simplified_tuning.lua,2,13,185,0,d21b5038,09403df6
212x64,1.43,PAGES/vtx.lua,0,6,72,0,8d5f7f4d,70d57ec9
212x64,1.44,CONFIRM/acc_cal.lua,4,1,5,0,8ad856b4,62410b52
212x64,1.44,CONFIRM/pwm.lua,3,1,4,0,38255a0e,cd85898f
212x64,1.44,CONFIRM/vtx_tables.lua,3,1,4,0,b3b8406b,73ca27ca
212x64,1.44,PAGES/acc_trim.lua,1,2,10,0,231c86dd,eb45563e
212x64,1.44,PAGES/battery.lua,2,4,40,0,3aa641cd,a95fe9c9
212x64,1.44,PAGES/failsafe.lua,3,6,70,0,3feff8b0,bb8ee460
212x64,1.44,PAGES/filters1.lua,10,21,276,0,c782c859,4ddb8068
212x64,1.44,PAGES/filters2.lua,2,6,75,0,080b7516,52f02297
212x64,1.44,PAGES/gpspids.lua,7,7,98,0,9fda4ba6,d5e3e2a6
212x64,1.44,PAGES/pid_advanced.lua,4,16,224,0,ec52cc2a,82e5d22c
212x64,1.44,PAGES/pids1.lua,7,9,144,0,a0a3341d,fca4a00d
212x64,1.44,PAGES/pids2.lua,8,14,210,0,aef57f91,55da9232
212x64,1.44,PAGES/pos_osd.lua,5,5,50,0,dbdff60b,8748cd11
212x64,1.44,PAGES/profiles.lua,0,2,8,0,325c13b2,3c8c0c9d
212x64,1.44,PAGES/pwm.lua,2,6,75,0,0a5c7e6f,fc3d63d5
212x64,1.44,PAGES/rates.lua,13,16,315,0,37064802,be81b03d
212x64,1.44,PAGES/rescue.lua,1,14,205,0,e038bda3,4bd65ebd
212x64,1.44,PAGES/rx.lua,4,8,99,0,5bcebaa6,f657f963
212x64,1.44,PAGES/simplified_tuning.lua,2,13,185,0,4bf5a50f,7f207f33
212x64,1.44,PAGES/vtx.lua,0,6,72,0,8438fc23,9f3cbd51
212x64,1.45,CONFIRM/acc_cal.lua,4,1,5,0,9c5ae49d,2dbc6037
212x64,1.45,CONFIRM/pwm.lua,3,1,4,0,a9da9ac4,ac7a07e9
212x64,1.45,CONFIRM/vtx_tables.lua,3,1,4,0,6ac807fd,c1b483e0
212x64,1.45,PAGES/acc_trim.lua,1,2,10,0,53da9a92,e0ef31cc
212x64,1.45,PAGES/battery.lua,2,4,40,0,a7f3f6c1,48e4f331
212x64,1.45,PAGES/failsafe.lua,3,6,70,0,15e50c47,c9aafaec
212x64,1.45,PAGES/filters1.lua,10,21,276,0,019035f8,d30b5b16
212x64,1.45,PAGES/filters2.lua,2,6,75,0,9fc99c7a,85680664
212x64,1.45,PAGES/gpspids.lua,7,7,98,0,753b839a,30ef2e86
212x64,1.45,PAGES/pid_advanced.lua,5,17,237,0,98ea95f1,8a5f5562
212x64,1.45,PAGES/pids1.lua,7,9,144,0,0e21e17b,98e0e21d
212x64,1.45,PAGES/pids2.lua,8,14,210,0,385c75d9,8678ddbc
212x64,1.45,PAGES/pos_osd.lua,5,5,50,0,426328c5,f9297fe9
212x64,1.45,PAGES/profiles.lua,0,2,8,0,0fb2e926,e40645b5
212x64,1.45,PAGES/pwm.lua,2,6,75,0,3226e5c3,36d135f2
212x64,1.45,PAGES/rates.lua,12,14,287,0,934f90e4,efa69674
212x64,1.45,PAGES/rescue.lua,1,14,205,0,80a79bb6,4939236c
212x64,1.45,PAGES/rx.lua,4,8,99,0,8cd5c7f4,3e972ade
212x64,1.45,PAGES/simplified_tuning.lua,2,13,185,0,f6c42e96,cab02494
212x64,1.45,PAGES/vtx.lua,0,6,72,0,6c7b67d9,b6524fb5
212x64,1.46,CONFIRM/acc_cal.lua,4,1,5,0,ee8ceaee,98706940
212x64,1.46,CONFIRM/pwm.lua,3,1,4,0,29d2b25e,39822d83
212x64,1.46,CONFIRM/vtx_tables.lua,3,1,4,0,e993865b,ff02c2e6
212x64,1.46,PAGES/acc_trim.lua,1,2,10,0,0272768b,59f6e5d2
212x64,1.46,PAGES/battery.lua,2,4,40,0,277f0545,c072d721
212x64,1.46,PAGES/failsafe.lua,3,6,70,0,91f000ea,909cfe64
212x64,1.46,PAGES/filters1.lua,10,21,276,0,981a7a27,c2921d4c
212x64,1.46,PAGES/filters2.lua,2,6,75,0,980fdeae,6676b811
212x64,1.46,PAGES/gpspids.lua,7,7,98,0,14eefcf2,541c509e
212x64,1.46,PAGES/pid_advanced.lua,5,17,237,0,ec31c3cb,968fe00f
212x64,1.46,PAGES/pids1.lua,7,9,144,0,9b81446d,844a4559
212x64,1.46,PAGES/pids2.lua,8,14,210,0,d519a365,ba5b2e3e
212x64,1.46,PAGES/pos_osd.lua,5,5,50,0,a3b47eb3,37dacbb5
212x64,1.46,PAGES/profiles.lua,0,2,8,0,f364b086,e0eef4e1
212x64,1.46,PAGES/pwm.lua,2,6,75,0,cfd8baa7,b2a728d7
212x64,1.46,PAGES/rates.lua,12,14,287,0,8bceba72,26775259
212x64,1.46,PAGES/rescue.lua,1,14,205,0,61cbc74b,031ad3eb
212x64,1.46,PAGES/rx.lua,4,8,99,0,356ddbd2,d4c65421
212x64,1.46,PAGES/simplified_tuning.lua,2,13,185,0,b33d13c5,251dd6c1
212x64,1.46,PAGES/vtx.lua,0,6,72,0,36cf0f33,c0f2f99d
212x64,1.47,CONFIRM/acc_cal.lua,4,1,5,0,faa749ef,a1fb895d
212x64,1.47,CONFIRM/pwm.lua,3,1,4,0,1851b920,aee1f1c1
212x64,1.47,CONFIRM/vtx_tables.lua,3,1,4,0,62ce1d91,f0200530
212x64,1.47,PAGES/acc_trim.lua,1,2,10,0,3ca521e8,77c4679c
212x64,1.47,PAGES/battery.lua,2,4,40,0,bcfd35f9,071ab9b9
212x64,1.47,PAGES/failsafe.lua,3,6,70,0,249de199,6b9e11a0
212x64,1.47,PAGES/filters1.lua,10,21,276,0,c0193616,5d5ac486
212x64,1.47,PAGES/filters2.lua,2,6,75,0,8635f632,adeb201e
212x64,1.47,PAGES/gpspids.lua,7,7,98,0,675460b6,ccc222be
212x64,1.47,PAGES/pid_advanced.lua,5,17,237,0,f949b341,d2d057ec
212x64,1.47,PAGES/pids1.lua,7,9,144,0,015b676f,498dc2d1
212x64,1.47,PAGES/pids2.lua,8,14,210,0,40f9465d,478114bc
212x64,1.47,PAGES/pos_osd.lua,5,5,50,0,bb4f6409,ec38ba4d
212x64,1.47,PAGES/profiles.lua,0,2,8,0,6a9a2b72,db0dd4a9
212x64,1.47,PAGES/pwm.lua,2,6,75,0,692d2c1b,7bde282c
212x64,1.47,PAGES/rates.lua,12,14,287,0,fcf5b424,da36db16
212x64,1.47,PAGES/rescue.lua,1,14,205,0,fc81b82c,9f15c80e
212x64,1.47,PAGES/rx.lua,4,7,85,0,db890bfb,848b10ad
212x64,1.47,PAGES/simplified_tuning.lua,2,13,185,0,d90996ec,5656e0f2
212x64,1.47,PAGES/vtx.lua,0,6,72,0,b0451dfd,91372451
212x64,1.48,CONFIRM/acc_cal.lua,4,1,5,0,34084b20,d1218dce
212x64,1.48,CONFIRM/pwm.lua,3,1,4,0,8d25e296,18bbd2af
212x64,1.48,CONFIRM/vtx_tables.lua,3,1,4,0,c5b1cbb3,4ad9d02a
212x64,1.48,PAGES/acc_trim.lua,1,2,10,0,e2d0a429,581d36e6
212x64,1.48,PAGES/battery.lua,2,4,40,0,97cd5c15,707d1ee1
212x64,1.48,PAGES/failsafe.lua,3,6,70,0,e4db743c,f8fc8378
212x64,1.48,PAGES/filters1.lua,10,21,276,0,e8d21fcd,8a5ed088
212x64,1.48,PAGES/filters2.lua,2,6,75,0,201a5476,46086023
212x64,1.48,PAGES/gpspids.lua,7,7,98,0,f1b6e4b6,c93da446
212x64,1.48,PAGES/pid_advanced.lua,5,17,237,0,4338f24f,fd172a71
212x64,1.48,PAGES/pids1.lua,7,9,144,0,5be1586d,92f4e5bd
212x64,1.48,PAGES/pids2.lua,8,14,210,0,14d284b1,a089e682
212x64,1.48,PAGES/pos_osd.lua,5,5,50,0,0c30d723,e7efa2d1
212x64,1.48,PAGES/profiles.lua,0,3,18,0,66bfcead,ba7acf09
212x64,1.48,PAGES/pwm.lua,2,6,75,0,3ced6e47,3ccd4089
212x64,1.48,PAGES/rates.lua,12,14,287,0,8b02c0fe,dcecb3a3
212x64,1.48,PAGES/rescue.lua,1,14,205,0,1d575a69,214d804d
212x64,1.48,PAGES/rx.lua,4,7,85,0,e49746c0,02416d48
212x64,1.48,PAGES/simplified_tuning.lua,2,13,185,0,90140bf3,7022f647
212x64,1.48,PAGES/vtx.lua,0,6,72,0,f1959a4b,4c1b7959
212x64,1.49,CONFIRM/acc_cal.lua,4,1,5,0,7c85d519,9ea274b3
212x64,1.49,CONFIRM/pwm.lua,3,1,4,0,58a04da4,78ce1b79
212x64,1.49,CONFIRM/vtx_tables.lua,3,1,4,0,96beaf95,5f3a6e40
212x64,1.49,PAGES/acc_trim.lua,1,2,10,0,e7d84a5e,96ced2fc
212x64,1.49,PAGES/battery.lua,2,4,40,0,b4bfe801,e1fa56a9
212x64,1.49,PAGES/failsafe.lua,3,6,70,0,208bb9fb,a365c904
212x64,1.49,PAGES/filters1.lua,10,21,276,0,5bba3b4c,00875306
212x64,1.49,PAGES/filters2.lua,2,6,75,0,1c5745d2,9707e6d0
212x64,1.49,PAGES/gpspids.lua,7,7,98,0,f830b272,d3c4cbb6
212x64,1.49,PAGES/pid_advanced.lua,5,17,237,0,9e984e21,55cadb66
212x64,1.49,PAGES/pids1.lua,7,9,144,0,cb4b8803,58171e6d
212x64,1.49,PAGES/pids2.lua,8,14,210,0,adf0c379,78785de4
212x64,1.49,PAGES/pos_osd.lua,5,5,50,0,c171c6bd,88c41e21
212x64,1.49,PAGES/profiles.lua,0,3,18,0,88862f4a,16346e6b
212x64,1.49,PAGES/pwm.lua,2,6,75,0,e603d1ab,d8795a8e
212x64,1.49,PAGES/rates.lua,12,14,287,0,73943e64,d1bd1810
212x64,1.49,PAGES/rescue.lua,1,14,205,0,190929ea,076d9a10
212x64,1.49,PAGES/rx.lua,4,7,85,0,721804bd,9abe3edb
212x64,1.49,PAGES/simplified_tuning.lua,2,13,185,0,c1e420ba,eb7b6d60
212x64,1.49,PAGES/vtx.lua,0,6,72,0,f00b6461,39099d05
320x240,1.15,CONFIRM/acc_cal.lua,4,1,5,0,87cecbd1,d9c98421
320x240,1.15,CONFIRM/pwm.lua,3,1,4,0,3cfffe12,48d069ba
320x240,1.15,CONFIRM/vtx_tables.lua,3,1,4,0,c19f01df,38d9d631
320x240,1.15,PAGES/acc_trim.lua,1,2,10,0,3208a4f2,b3081136
320x240,1.15,PAGES/battery.lua,2,4,40,0,48031bbe,83185d99
320x240,1.15,PAGES/failsafe.lua,2,6,84,0,ed04e62b,4efe8a01
320x240,1.15,PAGES/filters1.lua,0,0,0,0,811c9dc5,811c9dc5
320x240,1.15,PAGES/filters2.lua,0,0,0,0,811c9dc5,811c9dc5
320x240,1.15,PAGES/gpspids.lua,0,0,0,0,811c9dc5,811c9dc5
320x240,1.15,PAGES/pid_advanced.lua,0,0,0,0,811c9dc5,811c9dc5
320x240,1.15,PAGES/pids1.lua,0,0,0,0,811c9dc5,811c9dc5
320x240,1.15,PAGES/pids2.lua,0,0,0,0,811c9dc5,811c9dc5
320x240,1.15,PAGES/pos_osd.lua,5,5,50,0,89143c0e,a89cd6c1
320x240,1.15,PAGES/profiles.lua,0,2,8,0,34d42881,7bfea347
320x240,1.15,PAGES/pwm.lua,2,5,60,0,288a1336,e74be5c4
320x240,1.15,PAGES/rates.lua,0,0,0,0,811c9dc5,811c9dc5
320x240,1.15,PAGES/rescue.lua,0,0,0,0,811c9dc5,811c9dc5
320x240,1.15,PAGES/rx.lua,0,0,0,0,811c9dc5,811c9dc5
320x240,1.15,PAGES/simplified_tuning.lua,2,13,276,0,e43d9222,702d8e04
320x240,1.15,PAGES/vtx.lua,0,0,0,0,811c9dc5,811c9dc5
320x240,1.16,CONFIRM/acc_cal.lua,4,1,5,0,fdcc6a0c,45e4937c
320x240,1.16,CONFIRM/pwm.lua,3,1,4,0,941b5fe0,74e94834
320x240,1.16,CONFIRM/vtx_tables.lua,3,1,4,0,f0998a8d,16593703
320x240,1.16,PAGES/acc_trim.lua,1,2,10,0,688c3041,b40a45f6
320x240,1.16,PAGES/battery.lua,2,4,40,0,77c123dc,4fa69fed
320x240,1.16,PAGES/failsafe.lua,2,6,84,0,78357b4b,14f4e839
320x240,1.16,PAGES/filters1.lua,3,3,27,0,14cce5ce,837cce64
320x240,1.16,PAGES/filters2.lua,0,0,0,0,811c9dc5,811c9dc5
320x240,1.16,PAGES/gpspids.lua,0,0,0,0,811c9dc5,811c9dc5
320x240,1.16,PAGES/pid_advanced.lua,0,1,2,0,fcc1b7db,a2629c06
320x240,1.16,PAGES/pids1.lua,7,8,120,0,51cec8e1,d8d892ed
320x240,1.16,PAGES/pids2.lua,0,0,0,0,811c9dc5,811c9dc5
320x240,1.16,PAGES/pos_osd.lua,5,5,50,0,179203d6,b86fcf21
320x240,1.16,PAGES/profiles.lua,0,2,8,0,113fac59,5ef47c7b
320x240,1.16,PAGES/pwm.lua,2,5,60,0,a1d8a017,87ab6e40
320x240,1.16,PAGES/rates.lua,13,11,278,0,7a5708e1,584f64cc
320x240,1.16,PAGES/rescue.lua,0,0,0,0,811c9dc5,811c9dc5
320x240,1.16,PAGES/rx.lua,1,3,21,0,0d7a883c,4cea3821
320x240,1.16,PAGES/simplified_tuning.lua,2,13,276,0,4536e54d,8ebc9ea8
320x240,1.16,PAGES/vtx.lua,0,0,0,0,811c9dc5,811c9dc5
320x240,1.18,CONFIRM/acc_cal.lua,4,1,5,0,8a9641ae,4b8845fe
320x240,1.18,CONFIRM/pwm.lua,3,1,4,0,ad4f8620,7415a1e0
320x240,1.18,CONFIRM/vtx_tables.lua,3,1,4,0,286f2729,0e10340b
320x240,1.18,PAGES/acc_trim.lua,1,2,10,0,5270ec9b,cf1a853a
320x240,1.18,PAGES/battery.lua,2,4,40,0,41aafbb8,018f6b4d
320x240,1.18,PAGES/failsafe.lua,2,6,84,0,8f7019ff,5cbbb295
320x240,1.18,PAGES/filters1.lua,3,3,27,0,568044da,12d3f70e
320x240,1.18,PAGES/filters2.lua,0,0,0,0,811c9dc5,811c9dc5
320x240,1.18,PAGES/gpspids.lua,0,0,0,0,811c9dc5,811c9dc5
320x240,1.18,PAGES/pid_advanced.lua,0,1,2,0,bdb0233d,d167a706
320x240,1.18,PAGES/pids1.lua,7,8,120,0,4f43325b,a3377655
320x240,1.18,PAGES/pids2.lua,0,0,0,0,811c9dc5,811c9dc5
320x240,1.18,PAGES/pos_osd.lua,5,5,50,0,63bbcd06,95f650bd
320x240,1.18,PAGES/profiles.lua,0,2,8,0,89b5695d,db56e66f
320x240,1.18,PAGES/pwm.lua,2,5,60,0,395e5b71,14a972c4
320x240,1.18,PAGES/rates.lua,13,11,278,0,01120dc5,8e5ab4f4
320x240,1.18,PAGES/rescue.lua,0,0,0,0,811c9dc5,811c9dc5
320x240,1.18,PAGES/rx.lua,1,3,21,0,c22dac60,3f771007
320x240,1.18,PAGES/simplified_tuning.lua,2,13,276,0,f0cb0de3,9ad75ad8
320x240,1.18,PAGES/vtx.lua,0,0,0,0,811c9dc5,811c9dc5
320x240,1.2,CONFIRM/acc_cal.lua,4,1,5,0,2aa5a025,e2ee0ecd
320x240,1.2,CONFIRM/pwm.lua,3,1,4,0,c01b5cc0,44e250a4
320x240,1.2,CONFIRM/vtx_tables.lua,3,1,4,0,c5b03c43,109975f5
320x240,1.2,PAGES/acc_trim.lua,1,2,10,0,ff743f1a,9f2264f4
320x240,1.2,PAGES/battery.lua,2,4,40,0,39ee9746,0b8aef25
320x240,1.2,PAGES/failsafe.lua,2,6,84,0,027c249f,ede7df6b
320x240,1.2,PAGES/filters1.lua,5,7,122,0,50d5d8cc,981b103d
320x240,1.2,PAGES/filters2.lua,0,0,0,0,811c9dc5,811c9dc5
320x240,1.2,PAGES/gpspids.lua,0,0,0,0,811c9dc5,811c9dc5
320x240,1.2,PAGES/pid_advanced.lua,0,1,2,0,1d60d578,396f1336
320x240,1.2,PAGES/pids1.lua,7,8,120,0,259b601c,cba567ed
320x240,1.2,PAGES/pids2.lua,0,0,0,0,811c9dc5,811c9dc5
320x240,1.2,PAGES/pos_osd.lua,5,5,50,0,2295a1f4,b98a9b9f
320x240,1.2,PAGES/profiles.lua,0,2,8,0,4d717c3d,6a16d673
320x240,1.2,PAGES/pwm.lua,2,5,60,0,4c1dcace,dd5252ac
320x240,1.2,PAGES/rates.lua,13,11,278,0,1776ad73,c7eee76e
320x240,1.2,PAGES/rescue.lua,0,0,0,0,811c9dc5,811c9dc5
320x240,1.2,PAGES/rx.lua,1,5,55,0,cd76e83f,fb7409ac
320x240,1.2,PAGES/simplified_tuning.lua,2,13,276,0,f8386bdc,9b5ce1ca
320x240,1.2,PAGES/vtx.lua,0,0,0,0,811c9dc5,811c9dc5
320x240,1.21,CONFIRM/acc_cal.lua,4,1,5,0,68ac83ca,3dd78ebe
320x240,1.21,CONFIRM/pwm.lua,3,1,4,0,0c003830,ba058d44
320x240,1.21,CONFIRM/vtx_tables.lua,3,1,4,0,5bfcedb9,93e3d54f
320x240,1.21,PAGES/acc_trim.lua,1,2,10,0,522ce567,0639b4a2
320x240,1.21,PAGES/battery.lua,2,4,40,0,dfd50f50,a5b35a65
320x240,1.21,PAGES/failsafe.lua,2,6,84,0,5483d5e3,4747d6dd
320x240,1.21,PAGES/filters1.lua,6,9,164,0,735164c9,1c145c19
320x240,1.21,PAGES/filters2.lua,0,0,0,0,811c9dc5,811c9dc5
320x240,1.21,PAGES/gpspids.lua,0,0,0,0,811c9dc5,811c9dc5
320x240,1.21,PAGES/pid_advanced.lua,0,1,2,0,11a9297d,10a3721a
320x240,1.21,PAGES/pids1.lua,7,8,120,0,73630ac7,a4341bcd
320x240,1.21,PAGES/pids2.lua,1,2,10,0,d316d8ec,2002b9a2
320x240,1.21,PAGES/pos_osd.lua,5,5,50,0,b3c5679e,97f966bd
320x240,1.21,PAGES/profiles.lua,0,2,8,0,4ba5b1d9,4ad8992b
320x240,1.21,PAGES/pwm.lua,2,5,60,0,c63e9333,592d57f8
320x240,1.21,PAGES/rates.lua,13,11,278,0,c16ccef1,22bd9300
320x240,1.21,PAGES/rescue.lua,0,0,0,0,811c9dc5,811c9dc5
320x240,1.21,PAGES/rx.lua,1,5,55,0,b46dbe73,e94487e9
320x240,1.21,PAGES/simplified_tuning.lua,2,13,276,0,3119facf,cf2e91f0
320x240,1.21,PAGES/vtx.lua,0,0,0,0,811c9dc5,811c9dc5
320x240,1.26,CONFIRM/acc_cal.lua,4,1,5,0,a15d265f,4bcecc1b
320x240,1.26,CONFIRM/pwm.lua,3,1,4,0,5330ec7a,47f5e4f2
320x240,1.26,CONFIRM/vtx_tables.lua,3,1,4,0,73a370bb,0450e9bd
320x240,1.26,PAGES/acc_trim.lua,1,2,10,0,06af6454,63924ef6
320x240,1.26,PAGES/battery.lua,2,4,40,0,576aedee,16da1711
320x240,1.26,PAGES/failsafe.lua,2,6,84,0,e396add3,518d680d
320x240,1.26,PAGES/filters1.lua,6,9,164,0,6dc2d5ec,89718ec9
320x240,1.26,PAGES/filters2.lua,0,0,0,0,811c9dc5,811c9dc5
320x240,1.26,PAGES/gpspids.lua,0,0,0,0,811c9dc5,811c9dc5
320x240,1.26,PAGES/pid_advanced.lua,0,1,2,0,b45905d4,378f5f56
320x240,1.26,PAGES/pids1.lua,7,8,120,0,d35052f8,02626869
320x240,1.26,PAGES/pids2.lua,1,2,10,0,b1002727,3356464e
320x240,1.26,PAGES/pos_osd.lua,5,5,50,0,3a184d82,f4ac9bd1
320x240,1.26,PAGES/profiles.lua,0,2,8,0,8488d1bd,62282cc7
320x240,1.26,PAGES/pwm.lua,2,5,60,0,85479120,cffed77c
320x240,1.26,PAGES/rates.lua,13,11,278,0,e4e6ea17,560d18f4
320x240,1.26,PAGES/rescue.lua,0,0,0,0,811c9dc5,811c9dc5
320x240,1.26,PAGES/rx.lua,1,5,55,0,154689b1,068f61fe
320x240,1.26,PAGES/simplified_tuning.lua,2,13,276,0,73cad060,e69add5c
320x240,1.26,PAGES/vtx.lua,0,0,0,0,811c9dc5,811c9dc5
320x240,1.31,CONFIRM/acc_cal.lua,4,1,5,0,b9b52caf,6d746027
320x240,1.31,CONFIRM/pwm.lua,3,1,4,0,0e93294a,46d6e46e
320x240,1.31,CONFIRM/vtx_tables.lua,3,1,4,0,8f789607,bdd84ded
320x240,1.31,PAGES/acc_trim.lua,1,2,10,0,fb35f788,33e9f98e
320x240,1.31,PAGES/battery.lua,2,4,40,0,933572ee,c58797f1
320x240,1.31,PAGES/failsafe.lua,2,6,84,0,5d7e12a7,8667fb59
320x240,1.31,PAGES/filters1.lua,6,9,164,0,91164a48,13cfc999
320x240,1.31,PAGES/filters2.lua,0,0,0,0,811c9dc5,811c9dc5
320x240,1.31,PAGES/gpspids.lua,0,0,0,0,811c9dc5,811c9dc5
320x240,1.31,PAGES/pid_advanced.lua,1,3,21,0,39bb55e3,ec0f87cf
320x240,1.31,PAGES/pids1.lua,7,8,120,0,83840648,09abf639
320x240,1.31,PAGES/pids2.lua,1,2,10,0,51c39457,44f7544a
320x240,1.31,PAGES/pos_osd.lua,5,5,50,0,7f6eb23a,6a877c99
320x240,1.31,PAGES/profiles.lua,0,2,8,0,aaf0b265,8435ae93
320x240,1.31,PAGES/pwm.lua,2,7,112,0,ae01bc36,b1469b3c
320x240,1.31,PAGES/rates.lua,13,11,278,0,bf930e97,e0b12690
320x240,1.31,PAGES/rescue.lua,0,0,0,0,811c9dc5,811c9dc5
320x240,1.31,PAGES/rx.lua,1,6,78,0,328e5b38,da622d70
320x240,1.31,PAGES/simplified_tuning.lua,2,13,276,0,c972fe80,56a75a90
320x240,1.31,PAGES/vtx.lua,0,0,0,0,811c9dc5,811c9dc5
320x240,1.33,CONFIRM/acc_cal.lua,4,1,5,0,b47d8355,15ae0db5
320x240,1.33,CONFIRM/pwm.lua,3,1,4,0,eb009ede,c2aae4e6
320x240,1.33,CONFIRM/vtx_tables.lua,3,1,4,0,83a3d85f,59b701c9
320x240,1.33,PAGES/acc_trim.lua,1,2,10,0,dfe0181e,98b73352
320x240,1.33,PAGES/battery.lua,2,4,40,0,9fe98fb6,9424f161
320x240,1.33,PAGES/failsafe.lua,2,6,84,0,c3cf1173,357816c5
320x240,1.33,PAGES/filters1.lua,6,9,164,0,0bd46ed2,6ba66fa9
320x240,1.33,PAGES/filters2.lua,0,0,0,0,811c9dc5,811c9dc5
320x240,1.33,PAGES/gpspids.lua,0,0,0,0,811c9dc5,811c9dc5
320x240,1.33,PAGES/pid_advanced.lua,1,3,21,0,1dbeb07b,10195b99
320x240,1.33,PAGES/pids1.lua,7,8,120,0,308c0f4e,0641dde9
320x240,1.33,PAGES/pids2.lua,1,2,10,0,ae32ced5,3a581fae
320x240,1.33,PAGES/pos_osd.lua,5,5,50,0,20859962,2dae6055
320x240,1.33,PAGES/profiles.lua,0,2,8,0,851f6a29,5f62a5e7
320x240,1.33,PAGES/pwm.lua,2,7,112,0,93bc2a08,78d4efb8
320x240,1.33,PAGES/rates.lua,13,11,278,0,38b7d2bf,85b23fd8
320x240,1.33,PAGES/rescue.lua,0,0,0,0,811c9dc5,811c9dc5
320x240,1.33,PAGES/rx.lua,1,6,78,0,d0162aa2,bfbc59c4
320x240,1.33,PAGES/simplified_tuning.lua,2,13,276,0,eb5f63da,c50cf6b0
320x240,1.33,PAGES/vtx.lua,0,0,0,0,811c9dc5,811c9dc5
320x240,1.35,CONFIRM/acc_cal.lua,4,1,5,0,27502743,e402dc2b
320x240,1.35,CONFIRM/pwm.lua,3,1,4,0,434248fa,dc5d722e
320x240,1.35,CONFIRM/vtx_tables.lua,3,1,4,0,a13e6b0f,c3f6ed95
320x240,1.35,PAGES/acc_trim.lua,1,2,10,0,d35da184,e8424806
320x240,1.35,PAGES/battery.lua,2,4,40,0,dbab5bee,02f58901
320x240,1.35,PAGES/failsafe.lua,2,6,84,0,c928e48f,065f6c99
320x240,1.35,PAGES/filters1.lua,6,9,164,0,7ea454ac,0ad7ca41
320x240,1.35,PAGES/filters2.lua,0,0,0,0,811c9dc5,811c9dc5
320x240,1.35,PAGES/gpspids.lua,0,0,0,0,811c9dc5,811c9dc5
320x240,1.35,PAGES/pid_advanced.lua,1,3,21,0,683af10b,c9d87f1b
320x240,1.35,PAGES/pids1.lua,7,8,120,0,f185ad2c,44f1b899
320x240,1.35,PAGES/pids2.lua,1,2,10,0,d6778f83,98aaf12a
320x240,1.35,PAGES/pos_osd.lua,5,5,50,0,0a215912,84354ad9
320x240,1.35,PAGES/profiles.lua,0,2,8,0,fb0bbfad,c99bbf7b
320x240,1.35,PAGES/pwm.lua,2,7,112,0,be1b036a,f2d9bf5c
320x240,1.35,PAGES/rates.lua,13,11,278,0,0a5dd1ef,30077308
320x240,1.35,PAGES/rescue.lua,0,0,0,0,811c9dc5,811c9dc5
320x240,1.35,PAGES/rx.lua,1,6,78,0,fd5d963c,2c8715a0
320x240,1.35,PAGES/simplified_tuning.lua,2,13,276,0,cf6f35a4,e315e298
320x240,1.35,PAGES/vtx.lua,0,0,0,0,811c9dc5,811c9dc5
320x240,1.36,CONFIRM/acc_cal.lua,4,1,5,0,1a23cd72,9bc13842
320x240,1.36,CONFIRM/pwm.lua,3,1,4,0,ffa66d54,15fb2004
320x240,1.36,CONFIRM/vtx_tables.lua,3,1,4,0,67e37869,a9851eeb
320x240,1.36,PAGES/acc_trim.lua,1,2,10,0,ffad7b63,ea1b0622
320x240,1.36,PAGES/battery.lua,2,4,40,0,f224a8cc,2e0dfa65
320x240,1.36,PAGES/failsafe.lua,2,6,84,0,2167337f,ddb16889
320x240,1.36,PAGES/filters1.lua,6,10,191,0,7834057e,521935ea
320x240,1.36,PAGES/filters2.lua,0,0,0,0,811c9dc5,811c9dc5
320x240,1.36,PAGES/gpspids.lua,0,0,0,0,811c9dc5,811c9dc5
320x240,1.36,PAGES/pid_advanced.lua,2,4,40,0,305b3d72,54e2c069
320x240,1.36,PAGES/pids1.lua,7,8,120,0,fcd26b9f,28d31705
320x240,1.36,PAGES/pids2.lua,1,2,10,0,91e5010c,36794c16
320x240,1.36,PAGES/pos_osd.lua,5,5,50,0,5ddc2c3e,1e4046ad
320x240,1.36,PAGES/profiles.lua,0,2,8,0,70546ed9,97b9327f
320x240,1.36,PAGES/pwm.lua,2,7,112,0,1cfcb4e5,a7293add
320x240,1.36,PAGES/rates.lua,13,11,278,0,97f48edd,2105494c
320x240,1.36,PAGES/rescue.lua,0,0,0,0,811c9dc5,811c9dc5
320x240,1.36,PAGES/rx.lua,1,6,78,0,0f5164cd,e66e7d2a
320x240,1.36,PAGES/simplified_tuning.lua,2,13,276,0,bba6cc5f,21c9bfec
320x240,1.36,PAGES/vtx.lua,0,6,72,0,1acecc9b,b97b794f
320x240,1.37,CONFIRM/acc_cal.lua,4,1,5,0,e37734a9,61ae5e49
320x240,1.37,CONFIRM/pwm.lua,3,1,4,0,cd0f2ba6,9ec94bc6
320x240,1.37,CONFIRM/vtx_tables.lua,3,1,4,0,36c3adc7,90e2f859
320x240,1.37,PAGES/acc_trim.lua,1,2,10,0,9d8eeb4a,99199c82
320x240,1.37,PAGES/battery.lua,2,4,40,0,9d3ce556,75042f61
320x240,1.37,PAGES/failsafe.lua,2,6,84,0,fd5524f3,ab1e59cd
320x240,1.37,PAGES/filters1.lua,6,10,191,0,4cecc4e4,6633d1e3
320x240,1.37,PAGES/filters2.lua,0,0,0,0,811c9dc5,811c9dc5
320x240,1.37,PAGES/gpspids.lua,0,0,0,0,811c9dc5,811c9dc5
320x240,1.37,PAGES/pid_advanced.lua,2,4,40,0,644e0ede,1c8d9901
320x240,1.37,PAGES/pids1.lua,7,8,120,0,7d3a3d62,36a5bf09
320x240,1.37,PAGES/pids2.lua,1,2,10,0,da14da61,3dc68746
320x240,1.37,PAGES/pos_osd.lua,5,5,50,0,80a74eea,3d75b35d
320x240,1.37,PAGES/profiles.lua,0,2,8,0,853199f9,da281fb7
320x240,1.37,PAGES/pwm.lua,2,7,112,0,1ab6dd8a,702ba9d5
320x240,1.37,PAGES/rates.lua,13,13,356,0,e7004487,d652bb97
320x240,1.37,PAGES/rescue.lua,0,0,0,0,811c9dc5,811c9dc5
320x240,1.37,PAGES/rx.lua,1,6,78,0,f0b1e036,89aaf2ec
320x240,1.37,PAGES/simplified_tuning.lua,2,13,276,0,710fc14e,63388768
320x240,1.37,PAGES/vtx.lua,0,6,72,0,ffc2a2da,0fefb837
320x240,1.38,CONFIRM/acc_cal.lua,4,1,5,0,d203b008,f7820a88
320x240,1.38,CONFIRM/pwm.lua,3,1,4,0,662bf634,086cf450
320x240,1.38,CONFIRM/vtx_tables.lua,3,1,4,0,d5ceca45,8e4c77d3
320x240,1.38,PAGES/acc_trim.lua,1,2,10,0,4fb5f189,d8a6ae86
320x240,1.38,PAGES/battery.lua,2,4,40,0,49411898,7b8de685
320x240,1.38,PAGES/failsafe.lua,2,6,84,0,6843e613,47e44355
320x240,1.38,PAGES/filters1.lua,6,10,191,0,b34a3b32,b4f90344
320x240,1.38,PAGES/filters2.lua,0,0,0,0,811c9dc5,811c9dc5
320x240,1.38,PAGES/gpspids.lua,0,0,0,0,811c9dc5,811c9dc5
320x240,1.38,PAGES/pid_advanced.lua,2,4,40,0,971199f2,fd52e081
320x240,1.38,PAGES/pids1.lua,7,8,120,0,2599052d,e354af2d
320x240,1.38,PAGES/pids2.lua,1,2,10,0,c69c912a,3e03b7ca
320x240,1.38,PAGES/pos_osd.lua,5,5,50,0,ca2f038e,86569d49
320x240,1.38,PAGES/profiles.lua,0,2,8,0,9743f5bd,b5361373
320x240,1.38,PAGES/pwm.lua,2,7,112,0,83a67233,612edadd
320x240,1.38,PAGES/rates.lua,13,13,356,0,9ae88511,7a749f1b
320x240,1.38,PAGES/rescue.lua,0,0,0,0,811c9dc5,811c9dc5
320x240,1.38,PAGES/rx.lua,1,6,78,0,4ad63d6f,7728c16a
320x240,1.38,PAGES/simplified_tuning.lua,2,13,276,0,3b06b881,7a591c3c
320x240,1.38,PAGES/vtx.lua,0,6,72,0,4e973e6a,5879d8f7
320x240,1.39,CONFIRM/acc_cal.lua,4,1,5,0,6ac08847,ff5be2df
320x240,1.39,CONFIRM/pwm.lua,3,1,4,0,dbd842ea,182fe31e
320x240,1.39,CONFIRM/vtx_tables.lua,3,1,4,0,b6d28be7,6574501d
320x240,1.39,PAGES/acc_trim.lua,1,2,10,0,a0828d90,818114de
320x240,1.39,PAGES/battery.lua,2,4,40,0,aa66b7de,43973451
320x240,1.39,PAGES/failsafe.lua,3,6,90,0,90ce1795,2a5feaaa
320x240,1.39,PAGES/filters1.lua,8,14,275,0,850ec39a,ffe919ed
320x240,1.39,PAGES/filters2.lua,0,0,0,0,811c9dc5,811c9dc5
320x240,1.39,PAGES/gpspids.lua,0,0,0,0,811c9dc5,811c9dc5
320x240,1.39,PAGES/pid_advanced.lua,2,4,40,0,64177f5e,9d747831
320x240,1.39,PAGES/pids1.lua,7,8,120,0,5396bfd0,0a3862e9
320x240,1.39,PAGES/pids2.lua,1,2,10,0,b04be0f3,33711f4a
320x240,1.39,PAGES/pos_osd.lua,5,5,50,0,a6357ffa,550d29d9
320x240,1.39,PAGES/profiles.lua,0,2,8,0,2ba85d95,09eb38f3
320x240,1.39,PAGES/pwm.lua,2,7,112,0,dbd1ff80,d653868d
320x240,1.39,PAGES/rates.lua,13,13,356,0,9c0f88f3,b32ac3db
320x240,1.39,PAGES/rescue.lua,0,0,0,0,811c9dc5,811c9dc5
320x240,1.39,PAGES/rx.lua,1,6,78,0,285c54b0,f0f71860
320x240,1.39,PAGES/simplified_tuning.lua,2,13,276,0,3cf65608,49aac300
320x240,1.39,PAGES/vtx.lua,0,6,72,0,9392115e,aeaeb65f
320x240,1.4,CONFIRM/acc_cal.lua,4,1,5,0,d50ca82b,5f0a1613
320x240,1.4,CONFIRM/pwm.lua,3,1,4,0,ffcff9e4,961eb7ac
320x240,1.4,CONFIRM/vtx_tables.lua,3,1,4,0,46aece93,4a757b29
320x240,1.4,PAGES/acc_trim.lua,1,2,10,0,1457ca58,cacb90e4
320x240,1.4,PAGES/battery.lua,2,4,40,0,c415d0f6,2b0f85a5
320x240,1.4,PAGES/failsafe.lua,3,6,90,0,a69b5de5,75b53194
320x240,1.4,PAGES/filters1.lua,8,14,275,0,e57c94b2,ab91d92b
320x240,1.4,PAGES/filters2.lua,0,0,0,0,811c9dc5,811c9dc5
320x240,1.4,PAGES/gpspids.lua,0,0,0,0,811c9dc5,811c9dc5
320x240,1.4,PAGES/pid_advanced.lua,4,12,244,0,569d0f65,cbe62f0d
320x240,1.4,PAGES/pids1.lua,7,8,120,0,ca4a8192,fb6e54dd
320x240,1.4,PAGES/pids2.lua,6,4,44,0,6cc04c9b,b325a579
320x240,1.4,PAGES/pos_osd.lua,5,5,50,0,d8600abc,877a95df
320x240,1.4,PAGES/profiles.lua,0,2,8,0,4a030dfd,c5986827
320x240,1.4,PAGES/pwm.lua,2,7,112,0,00173544,45989dcf
320x240,1.4,PAGES/rates.lua,13,13,356,0,41def975,e2704a11
320x240,1.4,PAGES/rescue.lua,0,0,0,0,811c9dc5,811c9dc5
320x240,1.4,PAGES/rx.lua,4,12,240,0,9011bad2,f91ecc6d
320x240,1.4,PAGES/simplified_tuning.lua,2,13,276,0,fa004976,496a7aa2
320x240,1.4,PAGES/vtx.lua,0,6,72,0,c4126ace,47d6e39b
320x240,1.41,CONFIRM/acc_cal.lua,4,1,5,0,b976ad7c,ab5e4f28
320x240,1.41,CONFIRM/pwm.lua,3,1,4,0,908a871c,7938053c
320x240,1.41,CONFIRM/vtx_tables.lua,3,1,4,0,c844439d,b7d92537
320x240,1.41,PAGES/acc_trim.lua,1,2,10,0,4fd8af79,65443cf2
320x240,1.41,PAGES/battery.lua,2,4,40,0,4ef117ec,b9d462a5
320x240,1.41,PAGES/failsafe.lua,3,6,90,0,41174d58,d44be436
320x240,1.41,PAGES/filters1.lua,10,21,431,0,0d7e24ca,e8a5c540
320x240,1.41,PAGES/filters2.lua,0,0,0,0,811c9dc5,811c9dc5
320x240,1.41,PAGES/gpspids.lua,7,7,98,0,b3b9d939,8d1850be
320x240,1.41,PAGES/pid_advanced.lua,4,13,266,0,4c6814bb,ffe29e39
320x240,1.41,PAGES/pids1.lua,7,9,144,0,15355cde,c9622a91
320x240,1.41,PAGES/pids2.lua,8,9,180,0,2db31c74,0ab1cb35
320x240,1.41,PAGES/pos_osd.lua,5,5,50,0,084bcd82,31c16cbd
320x240,1.41,PAGES/profiles.lua,0,2,8,0,6a047e75,41813867
320x240,1.41,PAGES/pwm.lua,2,6,84,0,fd7088e4,a647085b
320x240,1.41,PAGES/rates.lua,13,15,425,0,421e9b4b,0588dccf
320x240,1.41,PAGES/rescue.lua,1,9,171,0,bda9051c,3536c1fb
320x240,1.41,PAGES/rx.lua,4,12,240,0,bc448836,8b103cb1
320x240,1.41,PAGES/simplified_tuning.lua,2,13,276,0,528ffc01,15b55fc4
320x240,1.41,PAGES/vtx.lua,0,6,72,0,467b7432,0183427f
320x240,1.42,CONFIRM/acc_cal.lua,4,1,5,0,387ac601,3ed8a5fd
320x240,1.42,CONFIRM/pwm.lua,3,1,4,0,cb87cc62,0a2020ae
320x240,1.42,CONFIRM/vtx_tables.lua,3,1,4,0,effe91db,71ecd911
320x240,1.42,PAGES/acc_trim.lua,1,2,10,0,e32e464a,efb1d0da
320x240,1.42,PAGES/battery.lua,2,4,40,0,cb618ff2,e801f3c9
320x240,1.42,PAGES/failsafe.lua,3,6,90,0,69dd6bab,d0bfacaa
320x240,1.42,PAGES/filters1.lua,10,21,431,0,187e7f99,4755e49b
320x240,1.42,PAGES/filters2.lua,2,6,84,0,83c2737a,f44451f9
320x240,1.42,PAGES/gpspids.lua,7,7,98,0,38a0fa7d,1596c0b6
320x240,1.42,PAGES/pid_advanced.lua,4,13,268,0,7effce23,fd04971d
320x240,1.42,PAGES/pids1.lua,7,9,144,0,a5f0fe7a,1e0b3f5f
320x240,1.42,PAGES/pids2.lua,8,9,180,0,c6e8f081,0212afb1
320x240,1.42,PAGES/pos_osd.lua,5,5,50,0,a32424f2,59316195
320x240,1.42,PAGES/profiles.lua,0,2,8,0,e3c5497d,901b65eb
320x240,1.42,PAGES/pwm.lua,2,6,84,0,ce5076f4,499819a1
320x240,1.42,PAGES/rates.lua,13,15,425,0,689409eb,36eadc52
320x240,1.42,PAGES/rescue.lua,1,9,171,0,27087a5c,5e9a930e
320x240,1.42,PAGES/rx.lua,4,13,263,0,e9c29ee0,0be837a9
320x240,1.42,PAGES/simplified_tuning.lua,2,13,276,0,94601b8e,e844e268
320x240,1.42,PAGES/vtx.lua,0,6,72,0,477d01b6,516e8337
320x240,1.43,CONFIRM/acc_cal.lua,4,1,5,0,7e4be072,99910026
320x240,1.43,CONFIRM/pwm.lua,3,1,4,0,f4b4c77c,dc2a0a70
320x240,1.43,CONFIRM/vtx_tables.lua,3,1,4,0,337ad331,947596cf
320x240,1.43,PAGES/acc_trim.lua,1,2,10,0,e8552ba3,8ad21f32
320x240,1.43,PAGES/battery.lua,2,4,40,0,f574becc,3df70eb5
320x240,1.43,PAGES/failsafe.lua,3,6,90,0,6f28e272,3db4bb8e
320x240,1.43,PAGES/filters1.lua,10,21,431,0,4e2bfd94,a2c2dfea
320x240,1.43,PAGES/filters2.lua,2,6,84,0,27b056f5,003f5191
320x240,1.43,PAGES/gpspids.lua,7,7,98,0,5c8cb8fd,58c342f6
320x240,1.43,PAGES/pid_advanced.lua,4,15,322,0,99cafb3f,48289cb3
320x240,1.43,PAGES/pids1.lua,7,9,144,0,0ed30216,fe3d2125
320x240,1.43,PAGES/pids2.lua,8,9,180,0,918abb5e,e07e0529
320x240,1.43,PAGES/pos_osd.lua,5,5,50,0,cda4d4d6,eb1fb845
320x240,1.43,PAGES/profiles.lua,0,2,8,0,c4c2b6bd,9bf13f6b
320x240,1.43,PAGES/pwm.lua,2,4,40,0,ba8c8125,4c585865
320x240,1.43,PAGES/rates.lua,13,16,448,0,1105a9dc,819a6718
320x240,1.43,PAGES/rescue.lua,1,13,281,0,5701a7d9,e6098cf7
320x240,1.43,PAGES/rx.lua,4,11,219,0,0ef69bf6,a66d0894
320x240,1.43,PAGES/simplified_tuning.lua,2,13,276,0,2a1a0f67,92ef8d6c
320x240,1.43,PAGES/vtx.lua,0,6,72,0,524a58d2,7737b317
320x240,1.44,CONFIRM/acc_cal.lua,4,1,5,0,2050d41f,b662611b
320x240,1.44,CONFIRM/pwm.lua,3,1,4,0,f906fd86,eec87b26
320x240,1.44,CONFIRM/vtx_tables.lua,3,1,4,0,a83fff8b,38bdf9d5
320x240,1.44,PAGES/acc_trim.lua,1,2,10,0,21de4374,94b7e55a
320x240,1.44,PAGES/battery.lua,2,4,40,0,25f8e8d6,768ca3a1
320x240,1.44,PAGES/failsafe.lua,3,6,90,0,0d8e9b1d,bb60f0ea
320x240,1.44,PAGES/filters1.lua,10,21,431,0,96797f43,734b0374
320x240,1.44,PAGES/filters2.lua,2,6,84,0,180e5435,357aab81
320x240,1.44,PAGES/gpspids.lua,7,7,98,0,7988c021,7064f2ee
320x240,1.44,PAGES/pid_advanced.lua,4,16,348,0,a3cac74d,f9b8fe7c
320x240,1.44,PAGES/pids1.lua,7,9,144,0,76125bf5,2a9ceab8
320x240,1.44,PAGES/pids2.lua,8,14,319,0,5befa25f,c5d3f7f5
320x240,1.44,PAGES/pos_osd.lua,5,5,50,0,81041386,44edb4ad
320x240,1.44,PAGES/profiles.lua,0,2,8,0,316bd1ad,2cc9fccf
320x240,1.44,PAGES/pwm.lua,2,6,84,0,02d7d6c5,8017057b
320x240,1.44,PAGES/rates.lua,13,16,448,0,d648fb3b,62e55292
320x240,1.44,PAGES/rescue.lua,1,14,306,0,5ae973ac,cd5cd0f7
320x240,1.44,PAGES/rx.lua,4,8,147,0,6c446e5f,f82837c3
320x240,1.44,PAGES/simplified_tuning.lua,2,13,276,0,2c756d0c,65b834a0
320x240,1.44,PAGES/vtx.lua,0,6,72,0,bead820e,53019e57
320x240,1.45,CONFIRM/acc_cal.lua,4,1,5,0,3103de88,ebc72184
320x240,1.45,CONFIRM/pwm.lua,3,1,4,0,00bf9c5c,e64685dc
320x240,1.45,CONFIRM/vtx_tables.lua,3,1,4,0,c02b111d,93b71777
320x240,1.45,PAGES/acc_trim.lua,1,2,10,0,83f8ca8d,e403feaa
320x240,1.45,PAGES/battery.lua,2,4,40,0,f3b723d4,66f3784d
320x240,1.45,PAGES/failsafe.lua,3,6,90,0,80f6a07c,ed2a158e
320x240,1.45,PAGES/filters1.lua,10,21,431,0,f8bd04de,bbba1809
320x240,1.45,PAGES/filters2.lua,2,6,84,0,927afa95,33a4ecd1
320x240,1.45,PAGES/gpspids.lua,7,7,98,0,bb873231,b6c1b226
320x240,1.45,PAGES/pid_advanced.lua,5,17,370,0,851cb304,828ba350
320x240,1.45,PAGES/pids1.lua,7,9,144,0,355f5335,f09d3fca
320x240,1.45,PAGES/pids2.lua,8,14,319,0,7add5fb1,2c7c8b66
320x240,1.45,PAGES/pos_osd.lua,5,5,50,0,4a6c735a,00d0113d
320x240,1.45,PAGES/profiles.lua,0,2,8,0,a57af595,ed5c2507
320x240,1.45,PAGES/pwm.lua,2,6,84,0,2d89749d,ccdb82cb
320x240,1.45,PAGES/rates.lua,12,14,400,0,735514c0,0c4f42c6
320x240,1.45,PAGES/rescue.lua,1,14,306,0,70659f2b,5747570d
320x240,1.45,PAGES/rx.lua,4,8,147,0,fb8832b7,645a3c6a
320x240,1.45,PAGES/simplified_tuning.lua,2,13,276,0,59777bbd,454cbb3c
320x240,1.45,PAGES/vtx.lua,0,6,72,0,ef8c9aea,0aae8437
320x240,1.46,CONFIRM/acc_cal.lua,4,1,5,0,2a0e8b6d,35d1e889
320x240,1.46,CONFIRM/pwm.lua,3,1,4,0,b93b8fea,82d3e01e
320x240,1.46,CONFIRM/vtx_tables.lua,3,1,4,0,5f3de38b,b2339d11
320x240,1.46,PAGES/acc_trim.lua,1,2,10,0,8e29e79e,8a8b4d5a
320x240,1.46,PAGES/battery.lua,2,4,40,0,6bb9935a,3b8e1fc9
320x240,1.46,PAGES/failsafe.lua,3,6,90,0,a8b5c0df,784b59aa
320x240,1.46,PAGES/filters1.lua,10,21,431,0,63bc7695,dbf8136e
320x240,1.46,PAGES/filters2.lua,2,6,84,0,f2d2c865,87a7f41d
320x240,1.46,PAGES/gpspids.lua,7,7,98,0,6fbb09ed,f33e3e0e
320x240,1.46,PAGES/pid_advanced.lua,5,17,370,0,e1deee0c,00271138
320x240,1.46,PAGES/pids1.lua,7,9,144,0,2684a349,d1ba3e68
320x240,1.46,PAGES/pids2.lua,8,14,319,0,49d3e817,4d5e8e47
320x240,1.46,PAGES/pos_osd.lua,5,5,50,0,8831662a,ee1dd5a5
320x240,1.46,PAGES/profiles.lua,0,2,8,0,9f44be9d,448f5acb
320x240,1.46,PAGES/pwm.lua,2,6,84,0,93e5c4b9,e2942ddb
320x240,1.46,PAGES/rates.lua,12,14,400,0,5ce76a2e,912ef2dc
320x240,1.46,PAGES/rescue.lua,1,14,306,0,425ffc20,acfd68ef
320x240,1.46,PAGES/rx.lua,4,8,147,0,ecea031f,7b8d1b61
320x240,1.46,PAGES/simplified_tuning.lua,2,13,276,0,ed719912,cf65e768
320x240,1.46,PAGES/vtx.lua,0,6,72,0,ec1d904e,961e7707
320x240,1.47,CONFIRM/acc_cal.lua,4,1,5,0,115a4f8e,05519dd2
320x240,1.47,CONFIRM/pwm.lua,3,1,4,0,6ea09d5c,5f367838
320x240,1.47,CONFIRM/vtx_tables.lua,3,1,4,0,007118b9,4018245f
320x240,1.47,PAGES/acc_trim.lua,1,2,10,0,ba624847,93c2317a
320x240,1.47,PAGES/battery.lua,2,4,40,0,350a6a24,67ad37ad
320x240,1.47,PAGES/failsafe.lua,3,6,90,0,f6fcacf6,df421326
320x240,1.47,PAGES/filters1.lua,10,21,431,0,011221c8,dfddedeb
320x240,1.47,PAGES/filters2.lua,2,6,84,0,b533662d,759d6add
320x240,1.47,PAGES/gpspids.lua,7,7,98,0,874b8fdd,65712b1e
320x240,1.47,PAGES/pid_advanced.lua,5,17,370,0,aaf3b2c0,e358e05c
320x240,1.47,PAGES/pids1.lua,7,9,144,0,c5574991,e4fa9ac6
320x240,1.47,PAGES/pids2.lua,8,14,319,0,c3be3ca5,f83e7760
320x240,1.47,PAGES/pos_osd.lua,5,5,50,0,8c0bc996,76a28c65
320x240,1.47,PAGES/profiles.lua,0,2,8,0,bf5fe26d,5ce12b63
320x240,1.47,PAGES/pwm.lua,2,6,84,0,12180dd1,1465f543
320x240,1.47,PAGES/rates.lua,12,14,400,0,d15905e8,ee469cf6
320x240,1.47,PAGES/rescue.lua,1,14,306,0,15871b51,49417dd5
320x240,1.47,PAGES/rx.lua,4,7,126,0,a6237fe5,219a4762
320x240,1.47,PAGES/simplified_tuning.lua,2,13,276,0,9d864f33,48a59554
320x240,1.47,PAGES/vtx.lua,0,6,72,0,46563dba,f24185cf
320x240,1.48,CONFIRM/acc_cal.lua,4,1,5,0,642d12cb,72374857
320x240,1.48,CONFIRM/pwm.lua,3,1,4,0,25559966,6647c5a6
320x240,1.48,CONFIRM/vtx_tables.lua,3,1,4,0,2880ceeb,4b0d682d
320x240,1.48,PAGES/acc_trim.lua,1,2,10,0,54fa18c8,6ffd064a
320x240,1.48,PAGES/battery.lua,2,4,40,0,114bd3f6,52916b21
320x240,1.48,PAGES/failsafe.lua,3,6,90,0,f907b241,f74ae71a
320x240,1.48,PAGES/filters1.lua,10,21,431,0,c3b981b7,ca4c5d40
320x240,1.48,PAGES/filters2.lua,2,6,84,0,aed8d35d,f70f9c61
320x240,1.48,PAGES/gpspids.lua,7,7,98,0,7e8d8239,92365de6
320x240,1.48,PAGES/pid_advanced.lua,5,17,370,0,c5a6ec18,f61cc5e4
320x240,1.48,PAGES/pids1.lua,7,9,144,0,463e675d,f9486538
320x240,1.48,PAGES/pids2.lua,8,14,319,0,f0feaa5f,294c28e9
320x240,1.48,PAGES/pos_osd.lua,5,5,50,0,6a8e1d06,481f5f3d
320x240,1.48,PAGES/profiles.lua,0,3,18,0,f34d41c2,421e47df
320x240,1.48,PAGES/pwm.lua,2,6,84,0,add84745,8ede0a33
320x240,1.48,PAGES/rates.lua,12,14,400,0,97622e82,8d9649c8
320x240,1.48,PAGES/rescue.lua,1,14,306,0,f2138a4e,5f4839e3
320x240,1.48,PAGES/rx.lua,4,7,126,0,47d23326,793e50da
320x240,1.48,PAGES/simplified_tuning.lua,2,13,276,0,d7893bc0,9b725fe0
320x240,1.48,PAGES/vtx.lua,0,6,72,0,2acff746,df84e6a7
320x240,1.49,CONFIRM/acc_cal.lua,4,1,5,0,9f1934f4,0f926c00
320x240,1.49,CONFIRM/pwm.lua,3,1,4,0,6e37373c,614c41ac
320x240,1.49,CONFIRM/vtx_tables.lua,3,1,4,0,df79b07d,14a3fb77
320x240,1.49,PAGES/acc_trim.lua,1,2,10,0,7bd8c7a1,722f65d2
320x240,1.49,PAGES/battery.lua,2,4,40,0,8680977c,c72ca2a5
320x240,1.49,PAGES/failsafe.lua,3,6,90,0,d9e15da0,85380996
320x240,1.49,PAGES/filters1.lua,10,21,431,0,8aa07f1a,20d1bfe5
320x240,1.49,PAGES/filters2.lua,2,6,84,0,78d5f505,9c6a9391
320x240,1.49,PAGES/gpspids.lua,7,7,98,0,2c958199,36068d5e
320x240,1.49,PAGES/pid_advanced.lua,5,17,370,0,a8518134,c9ae5050
320x240,1.49,PAGES/pids1.lua,7,9,144,0,08cb5e35,06e108d2
320x240,1.49,PAGES/pids2.lua,8,14,319,0,613399b1,8d93dec2
320x240,1.49,PAGES/pos_osd.lua,5,5,50,0,1c9a76e2,5ff45dfd
320x240,1.49,PAGES/profiles.lua,0,3,18,0,0de35d27,26214809
320x240,1.49,PAGES/pwm.lua,2,6,84,0,7f40616d,9e89b80b
320x240,1.49,PAGES/rates.lua,12,14,400,0,9066fb88,36a0153e
320x240,1.49,PAGES/rescue.lua,1,14,306,0,43bb46df,353cbf9d
320x240,1.49,PAGES/rx.lua,4,7,126,0,41bc0443,76b65a2e
320x240,1.49,PAGES/simplified_tuning.lua,2,13,276,0,f669ebd9,38059eb4
320x240,1.49,PAGES/vtx.lua,0,6,72,0,1194d272,974df5af
320x480,1.15,CONFIRM/acc_cal.lua,4,1,5,0,c424db5c,1c3ef57c
320x480,1.15,CONFIRM/pwm.lua,3,1,4,0,2f181588,01c7a5dc
320x480,1.15,CONFIRM/vtx_tables.lua,3,1,4,0,4e4bef1d,f79a531b
320x480,1.15,PAGES/acc_trim.lua,1,2,10,0,0fe8a439,0fc6b82a
320x480,1.15,PAGES/battery.lua,2,4,40,0,546f0724,e32d2bf9
320x480,1.15,PAGES/failsafe.lua,2,6,84,0,d4836ff9,6afdf36d
320x480,1.15,PAGES/filters1.lua,0,0,0,0,811c9dc5,811c9dc5
320x480,1.15,PAGES/filters2.lua,0,0,0,0,811c9dc5,811c9dc5
320x480,1.15,PAGES/gpspids.lua,0,0,0,0,811c9dc5,811c9dc5
320x480,1.15,PAGES/pid_advanced.lua,0,0,0,0,811c9dc5,811c9dc5
320x480,1.15,PAGES/pids1.lua,0,0,0,0,811c9dc5,811c9dc5
320x480,1.15,PAGES/pids2.lua,0,0,0,0,811c9dc5,811c9dc5
320x480,1.15,PAGES/pos_osd.lua,5,5,50,0,897bd24c,993f900d
320x480,1.15,PAGES/profiles.lua,0,2,8,0,92441b31,bcc75c9b
320x480,1.15,PAGES/pwm.lua,2,5,60,0,f6dcf7dd,afb71828
320x480,1.15,PAGES/rates.lua,0,0,0,0,811c9dc5,811c9dc5
320x480,1.15,PAGES/rescue.lua,0,0,0,0,811c9dc5,811c9dc5
320x480,1.15,PAGES/rx.lua,0,0,0,0,811c9dc5,811c9dc5
320x480,1.15,PAGES/simplified_tuning.lua,2,13,364,0,30552f9f,cb8ffb1c
320x480,1.15,PAGES/vtx.lua,0,0,0,0,811c9dc5,811c9dc5
320x480,1.16,CONFIRM/acc_cal.lua,4,1,5,0,a1fbfeb9,69e36e59
320x480,1.16,CONFIRM/pwm.lua,3,1,4,0,d244e172,9127f3fa
320x480,1.16,CONFIRM/vtx_tables.lua,3,1,4,0,7e59b907,8acc7d29
320x480,1.16,PAGES/acc_trim.lua,1,2,10,0,e1aa7fae,6866754e
320x480,1.16,PAGES/battery.lua,2,4,40,0,d7c74b3a,49dbca8d
320x480,1.16,PAGES/failsafe.lua,2,6,84,0,9872ad49,c556492d
320x480,1.16,PAGES/filters1.lua,3,3,27,0,ea4797ca,6f88121b
320x480,1.16,PAGES/filters2.lua,0,0,0,0,811c9dc5,811c9dc5
320x480,1.16,PAGES/gpspids.lua,0,0,0,0,811c9dc5,811c9dc5
320x480,1.16,PAGES/pid_advanced.lua,0,1,2,0,eb215ffa,da1bd1c2
320x480,1.16,PAGES/pids1.lua,7,8,120,0,f2470367,3ff919b5
320x480,1.16,PAGES/pids2.lua,0,0,0,0,811c9dc5,811c9dc5
320x480,1.16,PAGES/pos_osd.lua,5,5,50,0,7ec0f5d4,da03c321
320x480,1.16,PAGES/profiles.lua,0,2,8,0,3da87245,457b46f7
320x480,1.16,PAGES/pwm.lua,2,5,60,0,8644f234,fcda93ac
320x480,1.16,PAGES/rates.lua,13,11,308,0,31620da7,0d2c0ff3
320x480,1.16,PAGES/rescue.lua,0,0,0,0,811c9dc5,811c9dc5
320x480,1.16,PAGES/rx.lua,1,3,21,0,5b920136,a34a635e
320x480,1.16,PAGES/simplified_tuning.lua,2,13,364,0,acc517f4,879680d4
320x480,1.16,PAGES/vtx.lua,0,0,0,0,811c9dc5,811c9dc5
320x480,1.18,CONFIRM/acc_cal.lua,4,1,5,0,ba3c147f,c324dc5f
320x480,1.18,CONFIRM/pwm.lua,3,1,4,0,f5a3885e,a2430d22
320x480,1.18,CONFIRM/vtx_tables.lua,3,1,4,0,a984394f,46ef86ed
320x480,1.18,PAGES/acc_trim.lua,1,2,10,0,bb3af898,1f4e648a
320x480,1.18,PAGES/battery.lua,2,4,40,0,722ff216,b77caa75
320x480,1.18,PAGES/failsafe.lua,2,6,84,0,4ecc1469,462fc7a9
320x480,1.18,PAGES/filters1.lua,3,3,27,0,0b0e04ba,d8843ac1
320x480,1.18,PAGES/filters2.lua,0,0,0,0,811c9dc5,811c9dc5
320x480,1.18,PAGES/gpspids.lua,0,0,0,0,811c9dc5,811c9dc5
320x480,1.18,PAGES/pid_advanced.lua,0,1,2,0,f957b5c0,a7199492
320x480,1.18,PAGES/pids1.lua,7,8,120,0,e28ab001,7cd747ed
320x480,1.18,PAGES/pids2.lua,0,0,0,0,811c9dc5,811c9dc5
320x480,1.18,PAGES/pos_osd.lua,5,5,50,0,8066ada4,0b7dc0f9
320x480,1.18,PAGES/profiles.lua,0,2,8,0,687b91e1,e0997bbb
320x480,1.18,PAGES/pwm.lua,2,5,60,0,5a2e2822,01b8ff9c
320x480,1.18,PAGES/rates.lua,13,11,308,0,17974e8f,55e903eb
320x480,1.18,PAGES/rescue.lua,0,0,0,0,811c9dc5,811c9dc5
320x480,1.18,PAGES/rx.lua,1,3,21,0,94633c06,4158cd08
320x480,1.18,PAGES/simplified_tuning.lua,2,13,364,0,7cebd2f2,4332c824
320x480,1.18,PAGES/vtx.lua,0,0,0,0,811c9dc5,811c9dc5
320x480,1.2,CONFIRM/acc_cal.lua,4,1,5,0,eb89ad30,13fff960
320x480,1.2,CONFIRM/pwm.lua,3,1,4,0,63fbeba2,fd345962
320x480,1.2,CONFIRM/vtx_tables.lua,3,1,4,0,ddc88de9,a204a83f
320x480,1.2,PAGES/acc_trim.lua,1,2,10,0,bbc39db3,a3fb9a16
320x480,1.2,PAGES/battery.lua,2,4,40,0,84376656,c47d266d
320x480,1.2,PAGES/failsafe.lua,2,6,84,0,bbd6e929,49845077
320x480,1.2,PAGES/filters1.lua,5,7,133,0,07f08c6e,c46802d2
320x480,1.2,PAGES/filters2.lua,0,0,0,0,811c9dc5,811c9dc5
320x480,1.2,PAGES/gpspids.lua,0,0,0,0,811c9dc5,811c9dc5
320x480,1.2,PAGES/pid_advanced.lua,0,1,2,0,68fae3d1,459f85a0
320x480,1.2,PAGES/pids1.lua,7,8,120,0,da23ba0e,1a3e3fc9
320x480,1.2,PAGES/pids2.lua,0,0,0,0,811c9dc5,811c9dc5
320x480,1.2,PAGES/pos_osd.lua,5,5,50,0,26e8a5a4,53b05f19
320x480,1.2,PAGES/profiles.lua,0,2,8,0,68145b13,5b4b98f3
320x480,1.2,PAGES/pwm.lua,2,5,60,0,3c77d819,e7b67f2c
320x480,1.2,PAGES/rates.lua,13,11,308,0,44dd450d,c7e674a3
320x480,1.2,PAGES/rescue.lua,0,0,0,0,811c9dc5,811c9dc5
320x480,1.2,PAGES/rx.lua,1,5,55,0,bd7c533b,ef524909
320x480,1.2,PAGES/simplified_tuning.lua,2,13,364,0,9657be93,de02bb2e
320x480,1.2,PAGES/vtx.lua,0,0,0,0,811c9dc5,811c9dc5
320x480,1.21,CONFIRM/acc_cal.lua,4,1,5,0,d6a4db67,e519e223
320x480,1.21,CONFIRM/pwm.lua,3,1,4,0,260502da,52b54a72
320x480,1.21,CONFIRM/vtx_tables.lua,3,1,4,0,f6f3a743,9d8147e5
320x480,1.21,PAGES/acc_trim.lua,1,2,10,0,cdabdcc0,96f964d6
320x480,1.21,PAGES/battery.lua,2,4,40,0,b2e7a51a,134b8b55
320x480,1.21,PAGES/failsafe.lua,2,6,84,0,2b9f8191,f5496b29
320x480,1.21,PAGES/filters1.lua,6,9,216,0,bb9cd6ac,c2712375
320x480,1.21,PAGES/filters2.lua,0,0,0,0,811c9dc5,811c9dc5
320x480,1.21,PAGES/gpspids.lua,0,0,0,0,811c9dc5,811c9dc5
320x480,1.21,PAGES/pid_advanced.lua,0,1,2,0,82ae4b9c,e4294ef2
320x480,1.21,PAGES/pids1.lua,7,8,120,0,2ac1e0d5,31a30cfd
320x480,1.21,PAGES/pids2.lua,1,2,10,0,b2a1b63d,3285c2f2
320x480,1.21,PAGES/pos_osd.lua,5,5,50,0,f031aec8,3708ceb1
320x480,1.21,PAGES/profiles.lua,0,2,8,0,13b35251,5e65be2f
320x480,1.21,PAGES/pwm.lua,2,5,60,0,54acd4e6,94e714f4
320x480,1.21,PAGES/rates.lua,13,11,308,0,9ee85d87,e85e1563
320x480,1.21,PAGES/rescue.lua,0,0,0,0,811c9dc5,811c9dc5
320x480,1.21,PAGES/rx.lua,1,5,55,0,971d6129,42f41a7a
320x480,1.21,PAGES/simplified_tuning.lua,2,13,364,0,3da3a20a,4b5b8778
320x480,1.21,PAGES/vtx.lua,0,0,0,0,811c9dc5,811c9dc5
320x480,1.26,CONFIRM/acc_cal.lua,4,1,5,0,99ca9672,c4075d66
320x480,1.26,CONFIRM/pwm.lua,3,1,4,0,708e8b48,3e5a60ec
320x480,1.26,CONFIRM/vtx_tables.lua,3,1,4,0,018355f1,bf6ff8d7
320x480,1.26,PAGES/acc_trim.lua,1,2,10,0,69cda397,9d667e96
320x480,1.26,PAGES/battery.lua,2,4,40,0,10e274c8,58feb951
320x480,1.26,PAGES/failsafe.lua,2,6,84,0,aea01779,58f69399
320x480,1.26,PAGES/filters1.lua,6,9,216,0,3e25dd4d,f008b51b
320x480,1.26,PAGES/filters2.lua,0,0,0,0,811c9dc5,811c9dc5
320x480,1.26,PAGES/gpspids.lua,0,0,0,0,811c9dc5,811c9dc5
320x480,1.26,PAGES/pid_advanced.lua,0,1,2,0,e783211d,1f534fda
320x480,1.26,PAGES/pids1.lua,7,8,120,0,8555fade,a0117121
320x480,1.26,PAGES/pids2.lua,1,2,10,0,e678410a,54792dea
320x480,1.26,PAGES/pos_osd.lua,5,5,50,0,d7e880ac,7fbc8fe9
320x480,1.26,PAGES/profiles.lua,0,2,8,0,13328d31,c4ff9cf3
320x480,1.26,PAGES/pwm.lua,2,5,60,0,67f0b759,181c2fb0
320x480,1.26,PAGES/rates.lua,13,11,308,0,86894415,1c6aa253
320x480,1.26,PAGES/rescue.lua,0,0,0,0,811c9dc5,811c9dc5
320x480,1.26,PAGES/rx.lua,1,5,55,0,081dd54f,cb254459
320x480,1.26,PAGES/simplified_tuning.lua,2,13,364,0,afe3c079,2fbd8198
320x480,1.26,PAGES/vtx.lua,0,0,0,0,811c9dc5,811c9dc5
320x480,1.31,CONFIRM/acc_cal.lua,4,1,5,0,49d5cfee,60b4ee6e
320x480,1.31,CONFIRM/pwm.lua,3,1,4,0,9b945de4,f86bedec
320x480,1.31,CONFIRM/vtx_tables.lua,3,1,4,0,2f89dd61,3914867b
320x480,1.31,PAGES/acc_trim.lua,1,2,10,0,4118f753,f98307ce
320x480,1.31,PAGES/battery.lua,2,4,40,0,83bd3ae8,6285e021
320x480,1.31,PAGES/failsafe.lua,2,6,84,0,c5c63ae9,ca1a1ed5
320x480,1.31,PAGES/filters1.lua,6,9,216,0,3cdaa4a9,e70ba84b
320x480,1.31,PAGES/filters2.lua,0,0,0,0,811c9dc5,811c9dc5
320x480,1.31,PAGES/gpspids.lua,0,0,0,0,811c9dc5,811c9dc5
320x480,1.31,PAGES/pid_advanced.lua,1,3,21,0,8b471f59,4160e3bc
320x480,1.31,PAGES/pids1.lua,7,8,120,0,8da9bb16,d1d841e9
320x480,1.31,PAGES/pids2.lua,1,2,10,0,f8a7d306,b1023062
320x480,1.31,PAGES/pos_osd.lua,5,5,50,0,31dabd1c,3d2ead15
320x480,1.31,PAGES/profiles.lua,0,2,8,0,049ad041,3304784f
320x480,1.31,PAGES/pwm.lua,2,7,112,0,50b879c5,7e43b14e
320x480,1.31,PAGES/rates.lua,13,11,308,0,69b28719,3f7acd43
320x480,1.31,PAGES/rescue.lua,0,0,0,0,811c9dc5,811c9dc5
320x480,1.31,PAGES/rx.lua,1,6,78,0,efdfa447,7de7b136
320x480,1.31,PAGES/simplified_tuning.lua,2,13,364,0,f11940a9,8bb55858
320x480,1.31,PAGES/vtx.lua,0,0,0,0,811c9dc5,811c9dc5
320x480,1.33,CONFIRM/acc_cal.lua,4,1,5,0,1f6a6e88,5ef99058
320x480,1.33,CONFIRM/pwm.lua,3,1,4,0,291d4974,ea9e7ac8
320x480,1.33,CONFIRM/vtx_tables.lua,3,1,4,0,0c5fbb4d,fda9c903
320x480,1.33,PAGES/acc_trim.lua,1,2,10,0,ba9eacd1,7d446c2a
320x480,1.33,PAGES/battery.lua,2,4,40,0,db508520,4d590569
320x480,1.33,PAGES/failsafe.lua,2,6,84,0,d36e3dd9,7dbfaeb9
320x480,1.33,PAGES/filters1.lua,6,9,216,0,0c56723b,fe2e646b
320x480,1.33,PAGES/filters2.lua,0,0,0,0,811c9dc5,811c9dc5
320x480,1.33,PAGES/gpspids.lua,0,0,0,0,811c9dc5,811c9dc5
320x480,1.33,PAGES/pid_advanced.lua,1,3,21,0,a192c459,356dc92a
320x480,1.33,PAGES/pids1.lua,7,8,120,0,c967e964,95fe9169
320x480,1.33,PAGES/pids2.lua,1,2,10,0,d4b1f340,4491ceba
320x480,1.33,PAGES/pos_osd.lua,5,5,50,0,b5cb70ec,b5817405
320x480,1.33,PAGES/profiles.lua,0,2,8,0,582b0bcd,8535d513
320x480,1.33,PAGES/pwm.lua,2,7,112,0,99712b23,5536fa2a
320x480,1.33,PAGES/rates.lua,13,11,308,0,98b5dabd,5eaaf56b
320x480,1.33,PAGES/rescue.lua,0,0,0,0,811c9dc5,811c9dc5
320x480,1.33,PAGES/rx.lua,1,6,78,0,3d3dc37d,fcfc8d46
320x480,1.33,PAGES/simplified_tuning.lua,2,13,364,0,0ad26f8b,cb778028
320x480,1.33,PAGES/vtx.lua,0,0,0,0,811c9dc5,811c9dc5
320x480,1.35,CONFIRM/acc_cal.lua,4,1,5,0,7d7a6ff2,6960122a
320x480,1.35,CONFIRM/pwm.lua,3,1,4,0,3bf45214,a1810fe4
320x480,1.35,CONFIRM/vtx_tables.lua,3,1,4,0,c88b6c11,1fc8a0d3
320x480,1.35,PAGES/acc_trim.lua,1,2,10,0,9b21e3a7,34e859de
320x480,1.35,PAGES/battery.lua,2,4,40,0,b6e33cc0,6b90bed1
320x480,1.35,PAGES/failsafe.lua,2,6,84,0,4e75c4c9,ffbf5d1d
320x480,1.35,PAGES/filters1.lua,6,9,216,0,d5a8ef75,5ac3eadb
320x480,1.35,PAGES/filters2.lua,0,0,0,0,811c9dc5,811c9dc5
320x480,1.35,PAGES/gpspids.lua,0,0,0,0,811c9dc5,811c9dc5
320x480,1.35,PAGES/pid_advanced.lua,1,3,21,0,f45bf589,301ae218
320x480,1.35,PAGES/pids1.lua,7,8,120,0,b230adba,b0ff5649
320x480,1.35,PAGES/pids2.lua,1,2,10,0,3e8452f2,664b7f02
320x480,1.35,PAGES/pos_osd.lua,5,5,50,0,8ad7cad4,d3559f95
320x480,1.35,PAGES/profiles.lua,0,2,8,0,1c1283f1,bd0470b7
320x480,1.35,PAGES/pwm.lua,2,7,112,0,35e9e481,6e89b866
320x480,1.35,PAGES/rates.lua,13,11,308,0,3a397bd9,f18cef7b
320x480,1.35,PAGES/rescue.lua,0,0,0,0,811c9dc5,811c9dc5
320x480,1.35,PAGES/rx.lua,1,6,78,0,7fbe959b,bb20e6ce
320x480,1.35,PAGES/simplified_tuning.lua,2,13,364,0,2538c8e5,60eb72d0
320x480,1.35,PAGES/vtx.lua,0,0,0,0,811c9dc5,811c9dc5
320x480,1.36,CONFIRM/acc_cal.lua,4,1,5,0,a04c6383,ad1ecccb
320x480,1.36,CONFIRM/pwm.lua,3,1,4,0,c9cae26a,899a2f16
320x480,1.36,CONFIRM/vtx_tables.lua,3,1,4,0,49d86f47,c3449c05
320x480,1.36,PAGES/acc_trim.lua,1,2,10,0,770b4784,506a4bde
320x480,1.36,PAGES/battery.lua,2,4,40,0,cf2cbbbe,879e9de5
320x480,1.36,PAGES/failsafe.lua,2,6,84,0,dc333839,5ec75ea5
320x480,1.36,PAGES/filters1.lua,6,10,260,0,db695126,cb7cbb29
320x480,1.36,PAGES/filters2.lua,0,0,0,0,811c9dc5,811c9dc5
320x480,1.36,PAGES/gpspids.lua,0,0,0,0,811c9dc5,811c9dc5
320x480,1.36,PAGES/pid_advanced.lua,2,4,40,0,0358d248,07328d49
320x480,1.36,PAGES/pids1.lua,7,8,120,0,5cbff69d,69d87e2d
320x480,1.36,PAGES/pids2.lua,1,2,10,0,11c0ac61,9594faba
320x480,1.36,PAGES/pos_osd.lua,5,5,50,0,f783d330,25829c2d
320x480,1.36,PAGES/profiles.lua,0,2,8,0,7699ebf1,44c21633
320x480,1.36,PAGES/pwm.lua,2,7,112,0,353f507e,a5a90e9f
320x480,1.36,PAGES/rates.lua,13,11,308,0,5e2d526f,3e8534eb
320x480,1.36,PAGES/rescue.lua,0,0,0,0,811c9dc5,811c9dc5
320x480,1.36,PAGES/rx.lua,1,6,78,0,0eb944a2,641c0910
320x480,1.36,PAGES/simplified_tuning.lua,2,13,364,0,04f28bda,cc9610f8
320x480,1.36,PAGES/vtx.lua,0,6,72,0,a6e45e23,2cebf427
320x480,1.37,CONFIRM/acc_cal.lua,4,1,5,0,3e54d51c,7ad8dce4
320x480,1.37,CONFIRM/pwm.lua,3,1,4,0,8ba20194,4472a4d8
320x480,1.37,CONFIRM/vtx_tables.lua,3,1,4,0,9ab1a8c5,12626e7b
320x480,1.37,PAGES/acc_trim.lua,1,2,10,0,fb198435,652e2f72
320x480,1.37,PAGES/battery.lua,2,4,40,0,c53feeb8,8a46df19
320x480,1.37,PAGES/failsafe.lua,2,6,84,0,51ae93d9,051d8f69
320x480,1.37,PAGES/filters1.lua,6,10,260,0,3a5ff1f0,9f2732b7
320x480,1.37,PAGES/filters2.lua,0,0,0,0,811c9dc5,811c9dc5
320x480,1.37,PAGES/gpspids.lua,0,0,0,0,811c9dc5,811c9dc5
320x480,1.37,PAGES/pid_advanced.lua,2,4,40,0,76b8b814,a04e64b9
320x480,1.37,PAGES/pids1.lua,7,8,120,0,f0e023d8,b0abf3b9
320x480,1.37,PAGES/pids2.lua,1,2,10,0,4ea97d9c,0cb8cfca
320x480,1.37,PAGES/pos_osd.lua,5,5,50,0,8d7e1a64,325eb425
320x480,1.37,PAGES/profiles.lua,0,2,8,0,49a83f65,dd46ca23
320x480,1.37,PAGES/pwm.lua,2,7,112,0,203f4bb5,33f01a67
320x480,1.37,PAGES/rates.lua,13,13,390,0,95df16fd,a538e72f
320x480,1.37,PAGES/rescue.lua,0,0,0,0,811c9dc5,811c9dc5
320x480,1.37,PAGES/rx.lua,1,6,78,0,c37c3eb1,2ea2d63e
320x480,1.37,PAGES/simplified_tuning.lua,2,13,364,0,bde0e927,54241730
320x480,1.37,PAGES/vtx.lua,0,6,72,0,e6955db6,6e601867
320x480,1.38,CONFIRM/acc_cal.lua,4,1,5,0,1afa8b85,d283423d
320x480,1.38,CONFIRM/pwm.lua,3,1,4,0,4ab9d7d6,8aa69e1e
320x480,1.38,CONFIRM/vtx_tables.lua,3,1,4,0,f60c77bf,e8247499
320x480,1.38,PAGES/acc_trim.lua,1,2,10,0,dc7313d2,5f43d62a
320x480,1.38,PAGES/battery.lua,2,4,40,0,cc1e2b5a,7e6120cd
320x480,1.38,PAGES/failsafe.lua,2,6,84,0,a4f73149,ead26ee1
320x480,1.38,PAGES/filters1.lua,6,10,260,0,7154025a,cb59c191
320x480,1.38,PAGES/filters2.lua,0,0,0,0,811c9dc5,811c9dc5
320x480,1.38,PAGES/gpspids.lua,0,0,0,0,811c9dc5,811c9dc5
320x480,1.38,PAGES/pid_advanced.lua,2,4,40,0,d483e594,ac12a029
320x480,1.38,PAGES/pids1.lua,7,8,120,0,795b2f0b,e21087f5
320x480,1.38,PAGES/pids2.lua,1,2,10,0,aab0a33b,e39a94ea
320x480,1.38,PAGES/pos_osd.lua,5,5,50,0,6f80e0c0,33c36825
320x480,1.38,PAGES/profiles.lua,0,2,8,0,e6561f3d,184dfca7
320x480,1.38,PAGES/pwm.lua,2,7,112,0,96c1ad30,5fd1122f
320x480,1.38,PAGES/rates.lua,13,13,390,0,7cd67a57,050de4bf
320x480,1.38,PAGES/rescue.lua,0,0,0,0,811c9dc5,811c9dc5
320x480,1.38,PAGES/rx.lua,1,6,78,0,d1dca9d0,770f174c
320x480,1.38,PAGES/simplified_tuning.lua,2,13,364,0,bc5f22dc,2a3a9f68
320x480,1.38,PAGES/vtx.lua,0,6,72,0,e330f2b2,91baa9ff
320x480,1.39,CONFIRM/acc_cal.lua,4,1,5,0,21ba8676,41e69e26
320x480,1.39,CONFIRM/pwm.lua,3,1,4,0,f89e48d4,5d756acc
320x480,1.39,CONFIRM/vtx_tables.lua,3,1,4,0,5ab69591,1df7740b
320x480,1.39,PAGES/acc_trim.lua,1,2,10,0,3a1e210b,3bc460ce
320x480,1.39,PAGES/battery.lua,2,4,40,0,e60dce18,a9911291
320x480,1.39,PAGES/failsafe.lua,3,6,90,0,9247013c,a8101392
320x480,1.39,PAGES/filters1.lua,8,14,504,0,a058d6bc,78bff43e
320x480,1.39,PAGES/filters2.lua,0,0,0,0,811c9dc5,811c9dc5
320x480,1.39,PAGES/gpspids.lua,0,0,0,0,811c9dc5,811c9dc5
320x480,1.39,PAGES/pid_advanced.lua,2,4,40,0,17e31da8,dfe04281
320x480,1.39,PAGES/pids1.lua,7,8,120,0,5a846fde,ceb55699
320x480,1.39,PAGES/pids2.lua,1,2,10,0,365c5b22,9fe1a122
320x480,1.39,PAGES/pos_osd.lua,5,5,50,0,88f9cbac,e3ef0e85
320x480,1.39,PAGES/profiles.lua,0,2,8,0,57298d91,cf756fef
320x480,1.39,PAGES/pwm.lua,2,7,112,0,8ebd8be7,0d3d799f
320x480,1.39,PAGES/rates.lua,13,13,390,0,b5a94391,7fac0853
320x480,1.39,PAGES/rescue.lua,0,0,0,0,811c9dc5,811c9dc5
320x480,1.39,PAGES/rx.lua,1,6,78,0,e8270b3f,5f4b2166
320x480,1.39,PAGES/simplified_tuning.lua,2,13,364,0,9b1d4951,24f59bf8
320x480,1.39,PAGES/vtx.lua,0,6,72,0,bb2744b2,8d29de3f
320x480,1.4,CONFIRM/acc_cal.lua,4,1,5,0,e1ce7a9a,dd0df3ca
320x480,1.4,CONFIRM/pwm.lua,3,1,4,0,ef61ad02,5cee3e16
320x480,1.4,CONFIRM/vtx_tables.lua,3,1,4,0,0bc70855,c9f2ac1f
320x480,1.4,PAGES/acc_trim.lua,1,2,10,0,cb104921,8763a312
320x480,1.4,PAGES/battery.lua,2,4,40,0,222e44b2,3a55283d
320x480,1.4,PAGES/failsafe.lua,3,6,90,0,f2a5e3dc,2fc7a9ae
320x480,1.4,PAGES/filters1.lua,8,14,504,0,5529d046,1716d398
320x480,1.4,PAGES/filters2.lua,0,0,0,0,811c9dc5,811c9dc5
320x480,1.4,PAGES/gpspids.lua,0,0,0,0,811c9dc5,811c9dc5
320x480,1.4,PAGES/pid_advanced.lua,4,12,336,0,0f8e3641,b52b6319
320x480,1.4,PAGES/pids1.lua,7,8,120,0,8c5fbd64,cfd04729
320x480,1.4,PAGES/pids2.lua,6,4,44,0,461b11ad,f836e8fd
320x480,1.4,PAGES/pos_osd.lua,5,5,50,0,119e7c00,e42bd639
320x480,1.4,PAGES/profiles.lua,0,2,8,0,fec6636f,a7406c8f
320x480,1.4,PAGES/pwm.lua,2,7,112,0,be5adba3,5fd4508d
320x480,1.4,PAGES/rates.lua,13,13,390,0,8f51cf79,36f34363
320x480,1.4,PAGES/rescue.lua,0,0,0,0,811c9dc5,811c9dc5
320x480,1.4,PAGES/rx.lua,4,12,336,0,e1d0fd42,0ede96d9
320x480,1.4,PAGES/simplified_tuning.lua,2,13,364,0,1af04fc5,4e2cc7d6
320x480,1.4,PAGES/vtx.lua,0,6,72,0,93fc4eb0,73cc63ff
320x480,1.41,CONFIRM/acc_cal.lua,4,1,5,0,a33dfcad,6941e921
320x480,1.41,CONFIRM/pwm.lua,3,1,4,0,d6d390aa,0b4a349e
320x480,1.41,CONFIRM/vtx_tables.lua,3,1,4,0,37d04e3b,e1ada681
320x480,1.41,PAGES/acc_trim.lua,1,2,10,0,d749a7ae,0925d3a2
320x480,1.41,PAGES/battery.lua,2,4,40,0,daca6422,72761e95
320x480,1.41,PAGES/failsafe.lua,3,6,90,0,b4b02331,8bf3bcfe
320x480,1.41,PAGES/filters1.lua,10,21,824,0,c9d65963,8fd7ca0a
320x480,1.41,PAGES/filters2.lua,0,0,0,0,811c9dc5,811c9dc5
320x480,1.41,PAGES/gpspids.lua,7,7,98,0,ca8783e3,4bb42862
320x480,1.41,PAGES/pid_advanced.lua,4,13,390,0,ed61a5d2,01875f2f
320x480,1.41,PAGES/pids1.lua,7,9,144,0,53920b50,8a6aa52d
320x480,1.41,PAGES/pids2.lua,8,9,180,0,e439e811,4523bd14
320x480,1.41,PAGES/pos_osd.lua,5,5,50,0,ef1f6cf0,f5f025a9
320x480,1.41,PAGES/profiles.lua,0,2,8,0,5fb0c9f9,314a1053
320x480,1.41,PAGES/pwm.lua,2,6,84,0,32c23906,e000f8a3
320x480,1.41,PAGES/rates.lua,13,15,510,0,b0f422cf,38fdc328
320x480,1.41,PAGES/rescue.lua,1,9,171,0,0635693e,dcf2aa77
320x480,1.41,PAGES/rx.lua,4,12,336,0,f4f9161e,2c726e9d
320x480,1.41,PAGES/simplified_tuning.lua,2,13,364,0,182c23f8,87a88b9c
320x480,1.41,PAGES/vtx.lua,0,6,72,0,6ef5c08e,4ebc8677
320x480,1.42,CONFIRM/acc_cal.lua,4,1,5,0,7119f7a0,b97c7364
320x480,1.42,CONFIRM/pwm.lua,3,1,4,0,2583a3b4,edf5e7ac
320x480,1.42,CONFIRM/vtx_tables.lua,3,1,4,0,e668a8d5,f6bffe7f
320x480,1.42,PAGES/acc_trim.lua,1,2,10,0,cbaf7229,93126bbe
320x480,1.42,PAGES/battery.lua,2,4,40,0,7b17df78,6c9d2429
320x480,1.42,PAGES/failsafe.lua,3,6,90,0,a963f772,6ceb99d6
320x480,1.42,PAGES/filters1.lua,10,21,824,0,7000da64,f1b230f8
320x480,1.42,PAGES/filters2.lua,2,6,84,0,413a4356,ec65de19
320x480,1.42,PAGES/gpspids.lua,7,7,98,0,9c27b493,8545eaae
320x480,1.42,PAGES/pid_advanced.lua,4,13,390,0,c9823b60,b4f7f33f
320x480,1.42,PAGES/pids1.lua,7,9,144,0,c60eb3ac,7a26634f
320x480,1.42,PAGES/pids2.lua,8,9,180,0,ee2083dc,840804e6
320x480,1.42,PAGES/pos_osd.lua,5,5,50,0,a57d3b20,c85d1045
320x480,1.42,PAGES/profiles.lua,0,2,8,0,bbf33ba5,c6cd332f
320x480,1.42,PAGES/pwm.lua,2,6,84,0,8fd32ec4,677ea8fd
320x480,1.42,PAGES/rates.lua,13,15,510,0,3d7cd3eb,ceb89a6e
320x480,1.42,PAGES/rescue.lua,1,9,171,0,d90dee92,cb3d6c6e
320x480,1.42,PAGES/rx.lua,4,13,390,0,5262e875,705513c2
320x480,1.42,PAGES/simplified_tuning.lua,2,13,364,0,9d8255b3,cf038474
320x480,1.42,PAGES/vtx.lua,0,6,72,0,28e1c646,4a991807
320x480,1.43,CONFIRM/acc_cal.lua,4,1,5,0,c92f2dd7,3b7674db
320x480,1.43,CONFIRM/pwm.lua,3,1,4,0,6ac7bba6,b00ab186
320x480,1.43,CONFIRM/vtx_tables.lua,3,1,4,0,03c0eb7b,92c06875
320x480,1.43,PAGES/acc_trim.lua,1,2,10,0,7b6e7268,13f0e79a
320x480,1.43,PAGES/battery.lua,2,4,40,0,cc184d6a,9ac537dd
320x480,1.43,PAGES/failsafe.lua,3,6,90,0,0db4b3ab,686ac362
320x480,1.43,PAGES/filters1.lua,10,21,824,0,ba88555d,9f3e6cae
320x480,1.43,PAGES/filters2.lua,2,6,84,0,c3839087,a5d7bbc9
320x480,1.43,PAGES/gpspids.lua,7,7,98,0,cb0fd403,7127f926
320x480,1.43,PAGES/pid_advanced.lua,4,15,510,0,14f5e39a,26e70804
320x480,1.43,PAGES/pids1.lua,7,9,144,0,88d8babc,69eb8d41
320x480,1.43,PAGES/pids2.lua,8,9,180,0,635aa7e7,9d41a4c0
320x480,1.43,PAGES/pos_osd.lua,5,5,50,0,481bf93c,4e9b8475
320x480,1.43,PAGES/profiles.lua,0,2,8,0,be5e5451,26358a67
320x480,1.43,PAGES/pwm.lua,2,4,40,0,121713e9,b50263fd
320x480,1.43,PAGES/rates.lua,13,16,576,0,2e863f4b,e5fef8c3
320x480,1.43,PAGES/rescue.lua,1,13,351,0,80e66021,70698f91
320x480,1.43,PAGES/rx.lua,4,11,286,0,44c89e33,3769a351
320x480,1.43,PAGES/simplified_tuning.lua,2,13,364,0,ec1b0916,19363fa4
320x480,1.43,PAGES/vtx.lua,0,6,72,0,70f02286,534d1dff
320x480,1.44,CONFIRM/acc_cal.lua,4,1,5,0,2bc32862,96bd7d76
320x480,1.44,CONFIRM/pwm.lua,3,1,4,0,51525044,63b461d0
320x480,1.44,CONFIRM/vtx_tables.lua,3,1,4,0,f8073ef1,e693603f
320x480,1.44,PAGES/acc_trim.lua,1,2,10,0,683cbeab,ef263306
320x480,1.44,PAGES/battery.lua,2,4,40,0,a3d1699c,6f88bf39
320x480,1.44,PAGES/failsafe.lua,3,6,90,0,1ab03f6c,89a2dc92
320x480,1.44,PAGES/filters1.lua,10,21,824,0,0cb285aa,40862d3a
320x480,1.44,PAGES/filters2.lua,2,6,84,0,73680921,7b8314e9
320x480,1.44,PAGES/gpspids.lua,7,7,98,0,01f02bab,9163f72a
320x480,1.44,PAGES/pid_advanced.lua,4,16,576,0,27b1a707,30578193
320x480,1.44,PAGES/pids1.lua,7,9,144,0,2444028b,68dc69c0
320x480,1.44,PAGES/pids2.lua,8,14,420,0,37a07f2f,ee4ac575
320x480,1.44,PAGES/pos_osd.lua,5,5,50,0,25a74924,779bbee9
320x480,1.44,PAGES/profiles.lua,0,2,8,0,c2fa1e0d,663a9523
320x480,1.44,PAGES/pwm.lua,2,6,84,0,65b0ca21,09a6a3ab
320x480,1.44,PAGES/rates.lua,13,16,576,0,5aa458fc,0733db23
320x480,1.44,PAGES/rescue.lua,1,14,406,0,9e0f5fd9,4b949437
320x480,1.44,PAGES/rx.lua,4,8,160,0,952fb821,11f5e279
320x480,1.44,PAGES/simplified_tuning.lua,2,13,364,0,a1d23149,feee858c
320x480,1.44,PAGES/vtx.lua,0,6,72,0,9e2fe4ce,61a46547
320x480,1.45,CONFIRM/acc_cal.lua,4,1,5,0,ab45ceb1,110aca2d
320x480,1.45,CONFIRM/pwm.lua,3,1,4,0,6bfffbc2,88b4234e
320x480,1.45,CONFIRM/vtx_tables.lua,3,1,4,0,f3aa4ee3,1ef636c9
320x480,1.45,PAGES/acc_trim.lua,1,2,10,0,b7872872,8b999992
320x480,1.45,PAGES/battery.lua,2,4,40,0,e9b9739a,8f3e628d
320x480,1.45,PAGES/failsafe.lua,3,6,90,0,fe21993d,36a70da6
320x480,1.45,PAGES/filters1.lua,10,21,824,0,e3d44a43,03aefabc
320x480,1.45,PAGES/filters2.lua,2,6,84,0,7b1128e5,4af5f399
320x480,1.45,PAGES/gpspids.lua,7,7,98,0,83c076b3,b67abec2
320x480,1.45,PAGES/pid_advanced.lua,5,17,663,0,1d68c40a,e5a25b31
320x480,1.45,PAGES/pids1.lua,7,9,144,0,a626d3af,1c51c4ce
320x480,1.45,PAGES/pids2.lua,8,14,420,0,38cc0f21,4157696f
320x480,1.45,PAGES/pos_osd.lua,5,5,50,0,24fc83f8,f144c2e1
320x480,1.45,PAGES/profiles.lua,0,2,8,0,e2406ae9,ed4935f3
320x480,1.45,PAGES/pwm.lua,2,6,84,0,ea0db88d,f3faa4f3
320x480,1.45,PAGES/rates.lua,12,14,434,0,71d2728a,e4b78071
320x480,1.45,PAGES/rescue.lua,1,14,406,0,0e7a46ea,0dddf293
320x480,1.45,PAGES/rx.lua,4,8,160,0,ded1cea1,c8fe43dd
320x480,1.45,PAGES/simplified_tuning.lua,2,13,364,0,c86c5b34,1c40d3b4
320x480,1.45,PAGES/vtx.lua,0,6,72,0,475afcb6,f2a9bc5f
320x480,1.46,CONFIRM/acc_cal.lua,4,1,5,0,ce89934c,9eaf26a0
320x480,1.46,CONFIRM/pwm.lua,3,1,4,0,1918a174,5d752144
320x480,1.46,CONFIRM/vtx_tables.lua,3,1,4,0,cb22ec3d,c00eb8d7
320x480,1.46,PAGES/acc_trim.lua,1,2,10,0,0bc6fdad,5b08c536
320x480,1.46,PAGES/battery.lua,2,4,40,0,19ef4bf0,9603ce99
320x480,1.46,PAGES/failsafe.lua,3,6,90,0,4510c266,95992d9e
320x480,1.46,PAGES/filters1.lua,10,21,824,0,0254baec,745d8aea
320x480,1.46,PAGES/filters2.lua,2,6,84,0,db844225,59de6dbd
320x480,1.46,PAGES/gpspids.lua,7,7,98,0,dc5d8efb,d066a8ee
320x480,1.46,PAGES/pid_advanced.lua,5,17,663,0,b3c5c76e,bb6def4c
320x480,1.46,PAGES/pids1.lua,7,9,144,0,28f8b40b,3b0679d8
320x480,1.46,PAGES/pids2.lua,8,14,420,0,0dfae8cb,dd8fb191
320x480,1.46,PAGES/pos_osd.lua,5,5,50,0,f07e4b68,7d1dcdad
320x480,1.46,PAGES/profiles.lua,0,2,8,0,12f54b5d,0a56cfdf
320x480,1.46,PAGES/pwm.lua,2,6,84,0,9ea6ba71,07fee49b
320x480,1.46,PAGES/rates.lua,12,14,434,0,9bd4565c,354ae1d9
320x480,1.46,PAGES/rescue.lua,1,14,406,0,7968898d,a57a4b7f
320x480,1.46,PAGES/rx.lua,4,8,160,0,aeaa61a9,59fc77c9
320x480,1.46,PAGES/simplified_tuning.lua,2,13,364,0,9cc1700f,71647a64
320x480,1.46,PAGES/vtx.lua,0,6,72,0,013cbc9e,f1a7dd77
320x480,1.47,CONFIRM/acc_cal.lua,4,1,5,0,5f78e21b,3b113807
320x480,1.47,CONFIRM/pwm.lua,3,1,4,0,51a89726,ce60c0e6
320x480,1.47,CONFIRM/vtx_tables.lua,3,1,4,0,a7e40f73,df202b15
320x480,1.47,PAGES/acc_trim.lua,1,2,10,0,58bb9f6c,d752345a
320x480,1.47,PAGES/battery.lua,2,4,40,0,11fa1f42,8228d565
320x480,1.47,PAGES/failsafe.lua,3,6,90,0,774d52d7,478f9b02
320x480,1.47,PAGES/filters1.lua,10,21,824,0,9d8c0705,9de45f80
320x480,1.47,PAGES/filters2.lua,2,6,84,0,d1ddb4a9,38173dbd
320x480,1.47,PAGES/gpspids.lua,7,7,98,0,8a7c9283,5ce418ee
320x480,1.47,PAGES/pid_advanced.lua,5,17,663,0,4ee56fde,b0ff6a5f
320x480,1.47,PAGES/pids1.lua,7,9,144,0,8e090b17,73a82702
320x480,1.47,PAGES/pids2.lua,8,14,420,0,0afd1829,d7c8b7bf
320x480,1.47,PAGES/pos_osd.lua,5,5,50,0,79facf3c,d1abe8c5
320x480,1.47,PAGES/profiles.lua,0,2,8,0,62c81381,bf64f1cf
320x480,1.47,PAGES/pwm.lua,2,6,84,0,06b9be0d,a7ac2e2b
320x480,1.47,PAGES/rates.lua,12,14,434,0,f120d476,26819539
320x480,1.47,PAGES/rescue.lua,1,14,406,0,6683e1c8,fcc4082b
320x480,1.47,PAGES/rx.lua,4,7,126,0,521bdaf8,770e18c1
320x480,1.47,PAGES/simplified_tuning.lua,2,13,364,0,4b9cc992,70fb27ac
320x480,1.47,PAGES/vtx.lua,0,6,72,0,66d5ee6e,43a38087
320x480,1.48,CONFIRM/acc_cal.lua,4,1,5,0,ded0914e,04b51912
320x480,1.48,CONFIRM/pwm.lua,3,1,4,0,714e5934,3913d960
320x480,1.48,CONFIRM/vtx_tables.lua,3,1,4,0,15d5c1d1,b9ef8817
320x480,1.48,PAGES/acc_trim.lua,1,2,10,0,569515af,b2ff2b8e
320x480,1.48,PAGES/battery.lua,2,4,40,0,66a3a45c,e34aae09
320x480,1.48,PAGES/failsafe.lua,3,6,90,0,c5a94490,5e256b62
320x480,1.48,PAGES/filters1.lua,10,21,824,0,897da81e,4593615a
320x480,1.48,PAGES/filters2.lua,2,6,84,0,75d7a849,ed510699
320x480,1.48,PAGES/gpspids.lua,7,7,98,0,854cbbf3,38375012
320x480,1.48,PAGES/pid_advanced.lua,5,17,663,0,dc1561ca,d6fd5122
320x480,1.48,PAGES/pids1.lua,7,9,144,0,b1b8011b,f07e1378
320x480,1.48,PAGES/pids2.lua,8,14,420,0,22e60da7,d0af37dd
320x480,1.48,PAGES/pos_osd.lua,5,5,50,0,6d1be364,d841a449
320x480,1.48,PAGES/profiles.lua,0,3,18,0,f3615ed9,814912a9
320x480,1.48,PAGES/pwm.lua,2,6,84,0,2bfd2251,f0e52c83
320x480,1.48,PAGES/rates.lua,12,14,434,0,00d9b5d4,90c25ae9
320x480,1.48,PAGES/rescue.lua,1,14,406,0,b9d473f3,68ac9f47
320x480,1.48,PAGES/rx.lua,4,7,126,0,57151a9f,ca3fdc9d
320x480,1.48,PAGES/simplified_tuning.lua,2,13,364,0,7cf3fba5,d0ea5ffc
320x480,1.48,PAGES/vtx.lua,0,6,72,0,ad4cca76,2a7eff97
320x480,1.49,CONFIRM/acc_cal.lua,4,1,5,0,717d1575,152d21e9
320x480,1.49,CONFIRM/pwm.lua,3,1,4,0,cf04850a,6406beee
320x480,1.49,CONFIRM/vtx_tables.lua,3,1,4,0,66dc8f8b,738438b1
320x480,1.49,PAGES/acc_trim.lua,1,2,10,0,b45e1676,78643672
320x480,1.49,PAGES/battery.lua,2,4,40,0,144fe902,281fd7c5
320x480,1.49,PAGES/failsafe.lua,3,6,90,0,53c88609,946f2a3e
320x480,1.49,PAGES/filters1.lua,10,21,824,0,151f1cf7,f3ce4f1c
320x480,1.49,PAGES/filters2.lua,2,6,84,0,bef34fad,c1fe5789
320x480,1.49,PAGES/gpspids.lua,7,7,98,0,c730f153,b32d5d22
320x480,1.49,PAGES/pid_advanced.lua,5,17,663,0,865882fa,d0e57ac5
320x480,1.49,PAGES/pids1.lua,7,9,144,0,ca2a6aa7,d8d00426
320x480,1.49,PAGES/pids2.lua,8,14,420,0,326e4ec1,92907cef
320x480,1.49,PAGES/pos_osd.lua,5,5,50,0,71263cb0,0528b8c9
320x480,1.49,PAGES/profiles.lua,0,3,18,0,59ad5168,5cfc4d37
320x480,1.49,PAGES/pwm.lua,2,6,84,0,632b313d,4b5fbde3
320x480,1.49,PAGES/rates.lua,12,14,434,0,21161ff2,f7bfbdb1
320x480,1.49,PAGES/rescue.lua,1,14,406,0,4f1aaa0e,b7a647f3
320x480,1.49,PAGES/rx.lua,4,7,126,0,32b745b6,8a5e6fa5
320x480,1.49,PAGES/simplified_tuning.lua,2,13,364,0,e4667100,1b2993bc
320x480,1.49,PAGES/vtx.lua,0,6,72,0,73d82f5e,3d4f58e7
480x272,1.15,CONFIRM/acc_cal.lua,4,1,5,0,c481a6c4,320e85b8
480x272,1.15,CONFIRM/pwm.lua,3,1,4,0,e09ca8d0,de612e20
480x272,1.15,CONFIRM/vtx_tables.lua,3,1,4,0,3d90c625,2a161717
480x272,1.15,PAGES/acc_trim.lua,1,2,10,0,69a1f2e9,07d9743e
480x272,1.15,PAGES/battery.lua,2,4,40,0,7605b2bc,323a2159
480x272,1.15,PAGES/failsafe.lua,2,6,84,0,9ca7abd9,d4025ded
480x272,1.15,PAGES/filters1.lua,0,0,0,0,811c9dc5,811c9dc5
480x272,1.15,PAGES/filters2.lua,0,0,0,0,811c9dc5,811c9dc5
480x272,1.15,PAGES/gpspids.lua,0,0,0,0,811c9dc5,811c9dc5
480x272,1.15,PAGES/pid_advanced.lua,0,0,0,0,811c9dc5,811c9dc5
480x272,1.15,PAGES/pids1.lua,0,0,0,0,811c9dc5,811c9dc5
480x272,1.15,PAGES/pids2.lua,0,0,0,0,811c9dc5,811c9dc5
480x272,1.15,PAGES/pos_osd.lua,5,5,50,0,601495f8,bb0df97d
480x272,1.15,PAGES/profiles.lua,0,2,8,0,b4825801,0ff2df3f
480x272,1.15,PAGES/pwm.lua,2,5,60,0,62503e95,537b6a00
480x272,1.15,PAGES/rates.lua,0,0,0,0,811c9dc5,811c9dc5
480x272,1.15,PAGES/rescue.lua,0,0,0,0,811c9dc5,811c9dc5
480x272,1.15,PAGES/rx.lua,0,0,0,0,811c9dc5,811c9dc5
480x272,1.15,PAGES/simplified_tuning.lua,2,13,295,0,74326667,72cd1ab2
480x272,1.15,PAGES/vtx.lua,0,0,0,0,811c9dc5,811c9dc5
480x272,1.16,CONFIRM/acc_cal.lua,4,1,5,0,ad6307f1,41980a6d
480x272,1.16,CONFIRM/pwm.lua,3,1,4,0,0416c066,dcd6ae02
480x272,1.16,CONFIRM/vtx_tables.lua,3,1,4,0,b63170f3,0c4d21c1
480x272,1.16,PAGES/acc_trim.lua,1,2,10,0,6587a9fa,170d4aee
480x272,1.16,PAGES/battery.lua,2,4,40,0,d0eb0d52,5c20ea55
480x272,1.16,PAGES/failsafe.lua,2,6,84,0,ad0f9da9,cb655705
480x272,1.16,PAGES/filters1.lua,3,3,27,0,a22ea356,d7f9e837
480x272,1.16,PAGES/filters2.lua,0,0,0,0,811c9dc5,811c9dc5
480x272,1.16,PAGES/gpspids.lua,0,0,0,0,811c9dc5,811c9dc5
480x272,1.16,PAGES/pid_advanced.lua,0,1,2,0,d48bfcc6,51ca0bd6
480x272,1.16,PAGES/pids1.lua,7,8,120,0,c0297677,88d03f3d
480x272,1.16,PAGES/pids2.lua,0,0,0,0,811c9dc5,811c9dc5
480x272,1.16,PAGES/pos_osd.lua,5,5,50,0,2628ee84,bcb3c65d
480x272,1.16,PAGES/profiles.lua,0,2,8,0,0213cc81,99c94b2b
480x272,1.16,PAGES/pwm.lua,2,5,60,0,121c4f78,1d323bf4
480x272,1.16,PAGES/rates.lua,13,11,308,0,07f81997,fc346ad2
480x272,1.16,PAGES/rescue.lua,0,0,0,0,811c9dc5,811c9dc5
480x272,1.16,PAGES/rx.lua,1,3,21,0,59c3c0c6,a013bb7e
480x272,1.16,PAGES/simplified_tuning.lua,2,13,295,0,77319960,156423b9
480x272,1.16,PAGES/vtx.lua,0,0,0,0,811c9dc5,811c9dc5
480x272,1.18,CONFIRM/acc_cal.lua,4,1,5,0,91e5f1df,575a6d83
480x272,1.18,CONFIRM/pwm.lua,3,1,4,0,9234b05a,bc82b1aa
480x272,1.18,CONFIRM/vtx_tables.lua,3,1,4,0,fe89207b,1ea17dad
480x272,1.18,PAGES/acc_trim.lua,1,2,10,0,af3ac550,2dde3286
480x272,1.18,PAGES/battery.lua,2,4,40,0,f1bc204a,4d574ea5
480x272,1.18,PAGES/failsafe.lua,2,6,84,0,65f37099,a7d7ed29
480x272,1.18,PAGES/filters1.lua,3,3,27,0,7b13c95a,726ad061
480x272,1.18,PAGES/filters2.lua,0,0,0,0,811c9dc5,811c9dc5
480x272,1.18,PAGES/gpspids.lua,0,0,0,0,811c9dc5,811c9dc5
480x272,1.18,PAGES/pid_advanced.lua,0,1,2,0,f0591a24,52db84d2
480x272,1.18,PAGES/pids1.lua,7,8,120,0,7e6e685d,4b1c8c55
480x272,1.18,PAGES/pids2.lua,0,0,0,0,811c9dc5,811c9dc5
480x272,1.18,PAGES/pos_osd.lua,5,5,50,0,67876240,9e0619e1
480x272,1.18,PAGES/profiles.lua,0,2,8,0,07d1d809,c691176f
480x272,1.18,PAGES/pwm.lua,2,5,60,0,e0d27842,d51e6014
480x272,1.18,PAGES/rates.lua,13,11,308,0,218d754f,4041e1ba
480x272,1.18,PAGES/rescue.lua,0,0,0,0,811c9dc5,811c9dc5
480x272,1.18,PAGES/rx.lua,1,3,21,0,d7717d3e,e19b5860
480x272,1.18,PAGES/simplified_tuning.lua,2,13,295,0,3f166fa2,bf2614c7
480x272,1.18,PAGES/vtx.lua,0,0,0,0,811c9dc5,811c9dc5
480x272,1.2,CONFIRM/acc_cal.lua,4,1,5,0,9331ab28,b9b51724
480x272,1.2,CONFIRM/pwm.lua,3,1,4,0,42121f16,5d08017a
480x272,1.2,CONFIRM/vtx_tables.lua,3,1,4,0,0be05279,9aeb94db
480x272,1.2,PAGES/acc_trim.lua,1,2,10,0,8350e207,6b2dff22
480x272,1.2,PAGES/battery.lua,2,4,40,0,70f49676,15032c45
480x272,1.2,PAGES/failsafe.lua,2,6,84,0,9b2c6861,f0ceb903
480x272,1.2,PAGES/filters1.lua,5,7,133,0,e3b403ae,b0e4390c
480x272,1.2,PAGES/filters2.lua,0,0,0,0,811c9dc5,811c9dc5
480x272,1.2,PAGES/gpspids.lua,0,0,0,0,811c9dc5,811c9dc5
480x272,1.2,PAGES/pid_advanced.lua,0,1,2,0,6cd983cd,af2f651c
480x272,1.2,PAGES/pids1.lua,7,8,120,0,ee1d1ebe,c8855dd1
480x272,1.2,PAGES/pids2.lua,0,0,0,0,811c9dc5,811c9dc5
480x272,1.2,PAGES/pos_osd.lua,5,5,50,0,339f15f4,2b403889
480x272,1.2,PAGES/profiles.lua,0,2,8,0,a968eebf,66604d7f
480x272,1.2,PAGES/pwm.lua,2,5,60,0,cff0103d,5fdd4a54
480x272,1.2,PAGES/rates.lua,13,11,308,0,684b684d,86831124
480x272,1.2,PAGES/rescue.lua,0,0,0,0,811c9dc5,811c9dc5
480x272,1.2,PAGES/rx.lua,1,5,55,0,01ff0be7,8cd86ad5
480x272,1.2,PAGES/simplified_tuning.lua,2,13,295,0,e8098ecb,8744bcce
480x272,1.2,PAGES/vtx.lua,0,0,0,0,811c9dc5,811c9dc5
480x272,1.21,CONFIRM/acc_cal.lua,4,1,5,0,10537e87,aa8f992f
480x272,1.21,CONFIRM/pwm.lua,3,1,4,0,8591753e,7ec1075a
480x272,1.21,CONFIRM/vtx_tables.lua,3,1,4,0,acd4173f,6306d865
480x272,1.21,PAGES/acc_trim.lua,1,2,10,0,d3fc13c0,50f00932
480x272,1.21,PAGES/battery.lua,2,4,40,0,787f9ade,61b291f5
480x272,1.21,PAGES/failsafe.lua,2,6,84,0,89ccec51,3d9931d1
480x272,1.21,PAGES/filters1.lua,6,9,176,0,9a50bcfc,bf17453a
480x272,1.21,PAGES/filters2.lua,0,0,0,0,811c9dc5,811c9dc5
480x272,1.21,PAGES/gpspids.lua,0,0,0,0,811c9dc5,811c9dc5
480x272,1.21,PAGES/pid_advanced.lua,0,1,2,0,ad90f5c0,353a898a
480x272,1.21,PAGES/pids1.lua,7,8,120,0,55ca7271,cce832a5
480x272,1.21,PAGES/pids2.lua,1,2,10,0,12867825,261b50b2
480x272,1.21,PAGES/pos_osd.lua,5,5,50,0,f52082a4,f7d61411
480x272,1.21,PAGES/profiles.lua,0,2,8,0,a5bced31,d4ee1b2b
480x272,1.21,PAGES/pwm.lua,2,5,60,0,34d4ccfe,529580ec
480x272,1.21,PAGES/rates.lua,13,11,308,0,32f227af,c704da92
480x272,1.21,PAGES/rescue.lua,0,0,0,0,811c9dc5,811c9dc5
480x272,1.21,PAGES/rx.lua,1,5,55,0,c28e0f4d,857eceb2
480x272,1.21,PAGES/simplified_tuning.lua,2,13,295,0,dfbd6792,a3c26a37
480x272,1.21,PAGES/vtx.lua,0,0,0,0,811c9dc5,811c9dc5
480x272,1.26,CONFIRM/acc_cal.lua,4,1,5,0,8a827a42,e00a0dea
480x272,1.26,CONFIRM/pwm.lua,3,1,4,0,0df64460,88450e80
480x272,1.26,CONFIRM/vtx_tables.lua,3,1,4,0,b12fa7e1,a124214b
480x272,1.26,PAGES/acc_trim.lua,1,2,10,0,07e43f33,33d22946
480x272,1.26,PAGES/battery.lua,2,4,40,0,3395adbc,3bc308e9
480x272,1.26,PAGES/failsafe.lua,2,6,84,0,c40472f9,bdc1d151
480x272,1.26,PAGES/filters1.lua,6,9,176,0,d086c781,3c73b6fc
480x272,1.26,PAGES/filters2.lua,0,0,0,0,811c9dc5,811c9dc5
480x272,1.26,PAGES/gpspids.lua,0,0,0,0,811c9dc5,811c9dc5
480x272,1.26,PAGES/pid_advanced.lua,0,1,2,0,fa78a2d9,e8fe143e
480x272,1.26,PAGES/pids1.lua,7,8,120,0,c8e3db0e,f5c555d1
480x272,1.26,PAGES/pids2.lua,1,2,10,0,a5fd2e56,a4b9399e
480x272,1.26,PAGES/pos_osd.lua,5,5,50,0,142fe1a4,287221ed
480x272,1.26,PAGES/profiles.lua,0,2,8,0,706dc555,35bd4d1f
480x272,1.26,PAGES/pwm.lua,2,5,60,0,794489ed,10d7e9d8
480x272,1.26,PAGES/rates.lua,13,11,308,0,4a8a41f1,3d8fc0b8
480x272,1.26,PAGES/rescue.lua,0,0,0,0,811c9dc5,811c9dc5
480x272,1.26,PAGES/rx.lua,1,5,55,0,5c973b0b,2193df75
480x272,1.26,PAGES/simplified_tuning.lua,2,13,295,0,3c8cf1f5,4152604c
480x272,1.26,PAGES/vtx.lua,0,0,0,0,811c9dc5,811c9dc5
480x272,1.31,CONFIRM/acc_cal.lua,4,1,5,0,64e0968e,3f1908aa
480x272,1.31,CONFIRM/pwm.lua,3,1,4,0,d34f1da4,caa71270
480x272,1.31,CONFIRM/vtx_tables.lua,3,1,4,0,c261f251,dd1d9f57
480x272,1.31,PAGES/acc_trim.lua,1,2,10,0,52ffb267,b3957f16
480x272,1.31,PAGES/battery.lua,2,4,40,0,28a6ca2c,c1735379
480x272,1.31,PAGES/failsafe.lua,2,6,84,0,2e190669,6eea9e05
480x272,1.31,PAGES/filters1.lua,6,9,176,0,6d6bc4ed,a12d2e74
480x272,1.31,PAGES/filters2.lua,0,0,0,0,811c9dc5,811c9dc5
480x272,1.31,PAGES/gpspids.lua,0,0,0,0,811c9dc5,811c9dc5
480x272,1.31,PAGES/pid_advanced.lua,1,3,21,0,74a0f2ed,210834dc
480x272,1.31,PAGES/pids1.lua,7,8,120,0,c892e656,db525a79
480x272,1.31,PAGES/pids2.lua,1,2,10,0,341bf892,cf2f0cc6
480x272,1.31,PAGES/pos_osd.lua,5,5,50,0,aef2bfd4,52445979
480x272,1.31,PAGES/profiles.lua,0,2,8,0,8229c9cd,7456a8c3
480x272,1.31,PAGES/pwm.lua,2,7,112,0,dcf6ca61,99853136
480x272,1.31,PAGES/rates.lua,13,11,308,0,84692725,f7d258a4
480x272,1.31,PAGES/rescue.lua,0,0,0,0,811c9dc5,811c9dc5
480x272,1.31,PAGES/rx.lua,1,6,78,0,ba5ec0c3,89b95c8e
480x272,1.31,PAGES/simplified_tuning.lua,2,13,295,0,c81a6525,441be704
480x272,1.31,PAGES/vtx.lua,0,0,0,0,811c9dc5,811c9dc5
480x272,1.33,CONFIRM/acc_cal.lua,4,1,5,0,c9f2a668,f37fbf14
480x272,1.33,CONFIRM/pwm.lua,3,1,4,0,22864da4,5bae255c
480x272,1.33,CONFIRM/vtx_tables.lua,3,1,4,0,e7384475,bdd6316f
480x272,1.33,PAGES/acc_trim.lua,1,2,10,0,e3b50589,b02589ce
480x272,1.33,PAGES/battery.lua,2,4,40,0,a5ee15b8,7549cf99
480x272,1.33,PAGES/failsafe.lua,2,6,84,0,df28d231,98fc4011
480x272,1.33,PAGES/filters1.lua,6,9,176,0,de0847f3,6da123c4
480x272,1.33,PAGES/filters2.lua,0,0,0,0,811c9dc5,811c9dc5
480x272,1.33,PAGES/gpspids.lua,0,0,0,0,811c9dc5,811c9dc5
480x272,1.33,PAGES/pid_advanced.lua,1,3,21,0,19d3e23d,1c647d9a
480x272,1.33,PAGES/pids1.lua,7,8,120,0,007f8a18,28da2519
480x272,1.33,PAGES/pids2.lua,1,2,10,0,56d077e0,3b31ab82
480x272,1.33,PAGES/pos_osd.lua,5,5,50,0,d63871e0,923aa82d
480x272,1.33,PAGES/profiles.lua,0,2,8,0,82528b35,6e94f017
480x272,1.33,PAGES/pwm.lua,2,7,112,0,bf6b297f,b5255302
480x272,1.33,PAGES/rates.lua,13,11,308,0,b548b281,f084d458
480x272,1.33,PAGES/rescue.lua,0,0,0,0,811c9dc5,811c9dc5
480x272,1.33,PAGES/rx.lua,1,6,78,0,055c522d,7ceaa102
480x272,1.33,PAGES/simplified_tuning.lua,2,13,295,0,e19ca633,5a6380be
480x272,1.33,PAGES/vtx.lua,0,0,0,0,811c9dc5,811c9dc5
480x272,1.35,CONFIRM/acc_cal.lua,4,1,5,0,0ff7a86a,1f3fe3d6
480x272,1.35,CONFIRM/pwm.lua,3,1,4,0,30b041f4,512d7490
480x272,1.35,CONFIRM/vtx_tables.lua,3,1,4,0,e952ae81,12ffaacf
480x272,1.35,PAGES/acc_trim.lua,1,2,10,0,d57753fb,06f5787e
480x272,1.35,PAGES/battery.lua,2,4,40,0,e9ad43ec,200f5259
480x272,1.35,PAGES/failsafe.lua,2,6,84,0,dae93de1,f49ae15d
480x272,1.35,PAGES/filters1.lua,6,9,176,0,87a46481,da0319fc
480x272,1.35,PAGES/filters2.lua,0,0,0,0,811c9dc5,811c9dc5
480x272,1.35,PAGES/gpspids.lua,0,0,0,0,811c9dc5,811c9dc5
480x272,1.35,PAGES/pid_advanced.lua,1,3,21,0,d2c016c5,50cf0070
480x272,1.35,PAGES/pids1.lua,7,8,120,0,d9bc4f5a,46be4d09
480x272,1.35,PAGES/pids2.lua,1,2,10,0,ab532656,45c29e0e
480x272,1.35,PAGES/pos_osd.lua,5,5,50,0,1ed44724,e4832059
480x272,1.35,PAGES/profiles.lua,0,2,8,0,07425bd5,23d4671b
480x272,1.35,PAGES/pwm.lua,2,7,112,0,117b3c5d,82812426
480x272,1.35,PAGES/rates.lua,13,11,308,0,d95b43a5,b23f68e4
480x272,1.35,PAGES/rescue.lua,0,0,0,0,811c9dc5,811c9dc5
480x272,1.35,PAGES/rx.lua,1,6,78,0,5e7cb29f,2b0d9d16
480x272,1.35,PAGES/simplified_tuning.lua,2,13,295,0,fac32611,b2942bf0
480x272,1.35,PAGES/vtx.lua,0,0,0,0,811c9dc5,811c9dc5
480x272,1.36,CONFIRM/acc_cal.lua,4,1,5,0,515ff803,c80c294f
480x272,1.36,CONFIRM/pwm.lua,3,1,4,0,626b3b5e,5977b936
480x272,1.36,CONFIRM/vtx_tables.lua,3,1,4,0,dc5ca2eb,1496b1a5
480x272,1.36,PAGES/acc_trim.lua,1,2,10,0,da7eaf6c,d44ce3ca
480x272,1.36,PAGES/battery.lua,2,4,40,0,4f08bff2,e0b7a2d5
480x272,1.36,PAGES/failsafe.lua,2,6,84,0,c0888549,70d75375
480x272,1.36,PAGES/filters1.lua,6,10,196,0,1c960002,f26dde9c
480x272,1.36,PAGES/filters2.lua,0,0,0,0,811c9dc5,811c9dc5
480x272,1.36,PAGES/gpspids.lua,0,0,0,0,811c9dc5,811c9dc5
480x272,1.36,PAGES/pid_advanced.lua,2,4,40,0,0828d304,4a206179
480x272,1.36,PAGES/pids1.lua,7,8,120,0,d43ab849,c20dee85
480x272,1.36,PAGES/pids2.lua,1,2,10,0,0c4844b9,1e78b532
480x272,1.36,PAGES/pos_osd.lua,5,5,50,0,a3bea774,88997b45
480x272,1.36,PAGES/profiles.lua,0,2,8,0,b4196bf1,f2bb91d7
480x272,1.36,PAGES/pwm.lua,2,7,112,0,64808da6,4bf1980b
480x272,1.36,PAGES/rates.lua,13,11,308,0,acc291af,7a583442
480x272,1.36,PAGES/rescue.lua,0,0,0,0,811c9dc5,811c9dc5
480x272,1.36,PAGES/rx.lua,1,6,78,0,4c22fb32,3b37a9e0
480x272,1.36,PAGES/simplified_tuning.lua,2,13,295,0,6a17a632,ac2bc11f
480x272,1.36,PAGES/vtx.lua,0,6,72,0,a712ca6b,8e55653f
480x272,1.37,CONFIRM/acc_cal.lua,4,1,5,0,053f2ba4,fc614d30
480x272,1.37,CONFIRM/pwm.lua,3,1,4,0,efa8e7e4,179c7754
480x272,1.37,CONFIRM/vtx_tables.lua,3,1,4,0,a862067d,1eb3dbe7
480x272,1.37,PAGES/acc_trim.lua,1,2,10,0,6187af5d,ecc93e46
480x272,1.37,PAGES/battery.lua,2,4,40,0,f10d01c0,595985c9
480x272,1.37,PAGES/failsafe.lua,2,6,84,0,0efc1719,c8898c51
480x272,1.37,PAGES/filters1.lua,6,10,196,0,0673bed0,0214d562
480x272,1.37,PAGES/filters2.lua,0,0,0,0,811c9dc5,811c9dc5
480x272,1.37,PAGES/gpspids.lua,0,0,0,0,811c9dc5,811c9dc5
480x272,1.37,PAGES/pid_advanced.lua,2,4,40,0,76422188,33ea10a9
480x272,1.37,PAGES/pids1.lua,7,8,120,0,209a6edc,ce1f9289
480x272,1.37,PAGES/pids2.lua,1,2,10,0,8cb755a4,aa4fcaf2
480x272,1.37,PAGES/pos_osd.lua,5,5,50,0,d65f6418,ce10d445
480x272,1.37,PAGES/profiles.lua,0,2,8,0,4b61e22d,21013df7
480x272,1.37,PAGES/pwm.lua,2,7,112,0,561e1e05,905d8e4b
480x272,1.37,PAGES/rates.lua,13,13,390,0,54b01959,818e9d22
480x272,1.37,PAGES/rescue.lua,0,0,0,0,811c9dc5,811c9dc5
480x272,1.37,PAGES/rx.lua,1,6,78,0,e7995dc9,c4828162
480x272,1.37,PAGES/simplified_tuning.lua,2,13,295,0,8bf3bb0f,44e63c7a
480x272,1.37,PAGES/vtx.lua,0,6,72,0,05d3d1a6,7e1381ff
480x272,1.38,CONFIRM/acc_cal.lua,4,1,5,0,65e49b8d,1afd2531
480x272,1.38,CONFIRM/pwm.lua,3,1,4,0,c8387032,f2be931e
480x272,1.38,CONFIRM/vtx_tables.lua,3,1,4,0,96885773,70b5f311
480x272,1.38,PAGES/acc_trim.lua,1,2,10,0,b01b3e9e,81ef3ef2
480x272,1.38,PAGES/battery.lua,2,4,40,0,57fc4c7a,06aad495
480x272,1.38,PAGES/failsafe.lua,2,6,84,0,3c0c9189,0a78d8a9
480x272,1.38,PAGES/filters1.lua,6,10,196,0,83a59286,3ab001c4
480x272,1.38,PAGES/filters2.lua,0,0,0,0,811c9dc5,811c9dc5
480x272,1.38,PAGES/gpspids.lua,0,0,0,0,811c9dc5,811c9dc5
480x272,1.38,PAGES/pid_advanced.lua,2,4,40,0,7d5a7c9c,61976e61
480x272,1.38,PAGES/pids1.lua,7,8,120,0,cd606b9b,eab18a9d
480x272,1.38,PAGES/pids2.lua,1,2,10,0,63fc5baf,bccf2706
480x272,1.38,PAGES/pos_osd.lua,5,5,50,0,bcc3d900,b0d8d699
480x272,1.38,PAGES/profiles.lua,0,2,8,0,ed96b899,9398a18b
480x272,1.38,PAGES/pwm.lua,2,7,112,0,a5fd7ac0,2097d4e3
480x272,1.38,PAGES/rates.lua,13,13,390,0,aa75fe4b,5753328e
480x272,1.38,PAGES/rescue.lua,0,0,0,0,811c9dc5,811c9dc5
480x272,1.38,PAGES/rx.lua,1,6,78,0,8ad7505c,430a88d0
480x272,1.38,PAGES/simplified_tuning.lua,2,13,295,0,b5b6a580,4b80d331
480x272,1.38,PAGES/vtx.lua,0,6,72,0,ad282f7e,4a2f5c4f
480x272,1.39,CONFIRM/acc_cal.lua,4,1,5,0,d1c8f4c6,0f22bbb2
480x272,1.39,CONFIRM/pwm.lua,3,1,4,0,772f1b64,a48c2be0
480x272,1.39,CONFIRM/vtx_tables.lua,3,1,4,0,9f0537a1,3c790ea7
480x272,1.39,PAGES/acc_trim.lua,1,2,10,0,616d17ef,80d72e46
480x272,1.39,PAGES/battery.lua,2,4,40,0,79af0edc,67590509
480x272,1.39,PAGES/failsafe.lua,3,6,90,0,beccf4e0,c764c9e2
480x272,1.39,PAGES/filters1.lua,8,14,288,0,aaa83d98,bd7b67d0
480x272,1.39,PAGES/filters2.lua,0,0,0,0,811c9dc5,811c9dc5
480x272,1.39,PAGES/gpspids.lua,0,0,0,0,811c9dc5,811c9dc5
480x272,1.39,PAGES/pid_advanced.lua,2,4,40,0,774f5ed0,50e8b169
480x272,1.39,PAGES/pids1.lua,7,8,120,0,39c8ccae,5c8d1df9
480x272,1.39,PAGES/pids2.lua,1,2,10,0,748ccd86,2b1bd2c6
480x272,1.39,PAGES/pos_osd.lua,5,5,50,0,8e866654,c7918df9
480x272,1.39,PAGES/profiles.lua,0,2,8,0,7f1050dd,8d7143c3
480x272,1.39,PAGES/pwm.lua,2,7,112,0,18886cef,98a860eb
480x272,1.39,PAGES/rates.lua,13,13,390,0,86a37991,47b700da
480x272,1.39,PAGES/rescue.lua,0,0,0,0,811c9dc5,811c9dc5
480x272,1.39,PAGES/rx.lua,1,6,78,0,6ca39f8b,50d3be7e
480x272,1.39,PAGES/simplified_tuning.lua,2,13,295,0,6ccf763d,120446cc
480x272,1.39,PAGES/vtx.lua,0,6,72,0,9749932e,6752a0bf
480x272,1.4,CONFIRM/acc_cal.lua,4,1,5,0,c411147a,14f02d2e
480x272,1.4,CONFIRM/pwm.lua,3,1,4,0,f92a67d6,190de856
480x272,1.4,CONFIRM/vtx_tables.lua,3,1,4,0,fbb63e0d,032c547b
480x272,1.4,PAGES/acc_trim.lua,1,2,10,0,902276e1,a196dcc2
480x272,1.4,PAGES/battery.lua,2,4,40,0,1a0e67ee,8f56276d
480x272,1.4,PAGES/failsafe.lua,3,6,90,0,3449b704,6010b262
480x272,1.4,PAGES/filters1.lua,8,14,288,0,07da564e,7b7fe3dc
480x272,1.4,PAGES/filters2.lua,0,0,0,0,811c9dc5,811c9dc5
480x272,1.4,PAGES/gpspids.lua,0,0,0,0,811c9dc5,811c9dc5
480x272,1.4,PAGES/pid_advanced.lua,4,12,259,0,5080fcc5,28518fef
480x272,1.4,PAGES/pids1.lua,7,8,120,0,cceed4c0,b623bab1
480x272,1.4,PAGES/pids2.lua,6,4,44,0,15ef90a1,bce3e091
480x272,1.4,PAGES/pos_osd.lua,5,5,50,0,cc930b04,016b6f4d
480x272,1.4,PAGES/profiles.lua,0,2,8,0,b703b5bf,1e59a93b
480x272,1.4,PAGES/pwm.lua,2,7,112,0,bb38f123,6fd9ef21
480x272,1.4,PAGES/rates.lua,13,13,390,0,6279d1f5,e59f5fec
480x272,1.4,PAGES/rescue.lua,0,0,0,0,811c9dc5,811c9dc5
480x272,1.4,PAGES/rx.lua,4,12,258,0,f22c4846,119c721f
480x272,1.4,PAGES/simplified_tuning.lua,2,13,295,0,6c70c551,f844bb80
480x272,1.4,PAGES/vtx.lua,0,6,72,0,5607f804,e28314e7
480x272,1.41,CONFIRM/acc_cal.lua,4,1,5,0,97bf1355,5565b9bd
480x272,1.41,CONFIRM/pwm.lua,3,1,4,0,3e9e1d4e,219f72be
480x272,1.41,CONFIRM/vtx_tables.lua,3,1,4,0,f114afd7,b37ecfe9
480x272,1.41,PAGES/acc_trim.lua,1,2,10,0,4a30eee2,d92b36aa
480x272,1.41,PAGES/battery.lua,2,4,40,0,28a0a002,3f51a9ad
480x272,1.41,PAGES/failsafe.lua,3,6,90,0,437bd61d,66e64056
480x272,1.41,PAGES/filters1.lua,10,21,445,0,31b5262f,3d284ebe
480x272,1.41,PAGES/filters2.lua,0,0,0,0,811c9dc5,811c9dc5
480x272,1.41,PAGES/gpspids.lua,7,7,98,0,59bd8803,ff3976f2
480x272,1.41,PAGES/pid_advanced.lua,4,13,284,0,90e160e6,a89645f6
480x272,1.41,PAGES/pids1.lua,7,9,144,0,a4877908,0b5d4c25
480x272,1.41,PAGES/pids2.lua,8,9,180,0,0d227fe5,a1bc939c
480x272,1.41,PAGES/pos_osd.lua,5,5,50,0,e4a8f800,0e217da5
480x272,1.41,PAGES/profiles.lua,0,2,8,0,b55e20fd,b2924b9f
480x272,1.41,PAGES/pwm.lua,2,6,84,0,77eb327a,c4141f2f
480x272,1.41,PAGES/rates.lua,13,15,446,0,7af0ee77,df8abf94
480x272,1.41,PAGES/rescue.lua,1,9,171,0,082d05fa,5fcc4d87
480x272,1.41,PAGES/rx.lua,4,12,258,0,1fb9057e,1a08aea3
480x272,1.41,PAGES/simplified_tuning.lua,2,13,295,0,90ea8524,cc6e8a35
480x272,1.41,PAGES/vtx.lua,0,6,72,0,3d6430a2,455bdeb7
480x272,1.42,CONFIRM/acc_cal.lua,4,1,5,0,0e195d80,f2c908e8
480x272,1.42,CONFIRM/pwm.lua,3,1,4,0,b2c0b7e4,7808fc18
480x272,1.42,CONFIRM/vtx_tables.lua,3,1,4,0,5284495d,cd927443
480x272,1.42,PAGES/acc_trim.lua,1,2,10,0,dfbf1d41,7b15970a
480x272,1.42,PAGES/battery.lua,2,4,40,0,ad4e8410,7fcc7779
480x272,1.42,PAGES/failsafe.lua,3,6,90,0,ab0f4c46,95af50aa
480x272,1.42,PAGES/filters1.lua,10,21,445,0,368c2454,833f63a7
480x272,1.42,PAGES/filters2.lua,2,6,84,0,0c95e6da,2c9e3759
480x272,1.42,PAGES/gpspids.lua,7,7,98,0,12dbf2d7,05eb266a
480x272,1.42,PAGES/pid_advanced.lua,4,13,284,0,394fe080,38e36534
480x272,1.42,PAGES/pids1.lua,7,9,144,0,416a88f4,1d8247db
480x272,1.42,PAGES/pids2.lua,8,9,180,0,74d2abb8,c317a8a2
480x272,1.42,PAGES/pos_osd.lua,5,5,50,0,dc7815fc,7f1e3f9d
480x272,1.42,PAGES/profiles.lua,0,2,8,0,b4ad985d,c0c2b99b
480x272,1.42,PAGES/pwm.lua,2,6,84,0,8d308e04,4c460f51
480x272,1.42,PAGES/rates.lua,13,15,446,0,b8fe3533,ee4c7834
480x272,1.42,PAGES/rescue.lua,1,9,171,0,40caeb02,9bc6a022
480x272,1.42,PAGES/rx.lua,4,13,281,0,f3caad55,59c4fc17
480x272,1.42,PAGES/simplified_tuning.lua,2,13,295,0,3ea2a79b,228b0716
480x272,1.42,PAGES/vtx.lua,0,6,72,0,6a4f8636,21935dbf
480x272,1.43,CONFIRM/acc_cal.lua,4,1,5,0,d1c03227,04cad4e7
480x272,1.43,CONFIRM/pwm.lua,3,1,4,0,5dd915b2,3da84dd6
480x272,1.43,CONFIRM/vtx_tables.lua,3,1,4,0,fba8d10f,e34c0a35
480x272,1.43,PAGES/acc_trim.lua,1,2,10,0,a301d960,b46303ce
480x272,1.43,PAGES/battery.lua,2,4,40,0,52daafb6,1fb9ccdd
480x272,1.43,PAGES/failsafe.lua,3,6,90,0,bde60b5f,fd99d86e
480x272,1.43,PAGES/filters1.lua,10,21,445,0,38b562dd,cbf55174
480x272,1.43,PAGES/filters2.lua,2,6,84,0,98fe7977,b1187681
480x272,1.43,PAGES/gpspids.lua,7,7,98,0,b71a519f,836762d2
480x272,1.43,PAGES/pid_advanced.lua,4,15,331,0,5904a02a,d9029cce
480x272,1.43,PAGES/pids1.lua,7,9,144,0,d42b920c,058002f9
480x272,1.43,PAGES/pids2.lua,8,9,180,0,ef7051eb,f0cd5440
480x272,1.43,PAGES/pos_osd.lua,5,5,50,0,b3775f88,84f1557d
480x272,1.43,PAGES/profiles.lua,0,2,8,0,41563401,bb96b603
480x272,1.43,PAGES/pwm.lua,2,4,40,0,bcd1be25,293e038d
480x272,1.43,PAGES/rates.lua,13,16,487,0,83d9af1f,abf6d9d0
480x272,1.43,PAGES/rescue.lua,1,13,303,0,a460eae9,bba53cc3
480x272,1.43,PAGES/rx.lua,4,11,227,0,46db46a7,e0b71ecc
480x272,1.43,PAGES/simplified_tuning.lua,2,13,295,0,44bf179e,c08d18a3
480x272,1.43,PAGES/vtx.lua,0,6,72,0,a9cb79b6,fd9b6917
480x272,1.44,CONFIRM/acc_cal.lua,4,1,5,0,570e01aa,97f6de4a
480x272,1.44,CONFIRM/pwm.lua,3,1,4,0,0985c2f4,18c8acb4
480x272,1.44,CONFIRM/vtx_tables.lua,3,1,4,0,ef524141,23d47dc3
480x272,1.44,PAGES/acc_trim.lua,1,2,10,0,cde4aae7,8ad29706
480x272,1.44,PAGES/battery.lua,2,4,40,0,5959edd0,95c73181
480x272,1.44,PAGES/failsafe.lua,3,6,90,0,ab207860,ffb8faa2
480x272,1.44,PAGES/filters1.lua,10,21,445,0,7e711d12,74810480
480x272,1.44,PAGES/filters2.lua,2,6,84,0,c602f4dd,fa2416f1
480x272,1.44,PAGES/gpspids.lua,7,7,98,0,343ee4a3,27fa921a
480x272,1.44,PAGES/pid_advanced.lua,4,16,364,0,621a44cb,745ea5b5
480x272,1.44,PAGES/pids1.lua,7,9,144,0,03f48937,4b56506c
480x272,1.44,PAGES/pids2.lua,8,14,349,0,821e74fb,e1cfe6c1
480x272,1.44,PAGES/pos_osd.lua,5,5,50,0,c3737564,e2c49c05
480x272,1.44,PAGES/profiles.lua,0,2,8,0,e32fcd89,b7a3113f
480x272,1.44,PAGES/pwm.lua,2,6,84,0,fbbfbffd,7a4f2f9f
480x272,1.44,PAGES/rates.lua,13,16,487,0,d15c3520,65780113
480x272,1.44,PAGES/rescue.lua,1,14,328,0,c5abbde1,885c396a
480x272,1.44,PAGES/rx.lua,4,8,160,0,85191111,3702c723
480x272,1.44,PAGES/simplified_tuning.lua,2,13,295,0,ac5cc3ed,beba653c
480x272,1.44,PAGES/vtx.lua,0,6,72,0,65c7a39a,9fa34027
480x272,1.45,CONFIRM/acc_cal.lua,4,1,5,0,d5729639,ffc6b319
480x272,1.45,CONFIRM/pwm.lua,3,1,4,0,e34235a6,2c4d918e
480x272,1.45,CONFIRM/vtx_tables.lua,3,1,4,0,81ff6307,1dfefd81
480x272,1.45,PAGES/acc_trim.lua,1,2,10,0,d15a24e6,98fd8242
480x272,1.45,PAGES/battery.lua,2,4,40,0,2c12d9e2,724b0bd5
480x272,1.45,PAGES/failsafe.lua,3,6,90,0,b5a26d01,1ba61656
480x272,1.45,PAGES/filters1.lua,10,21,445,0,1771b76b,eed7c3f9
480x272,1.45,PAGES/filters2.lua,2,6,84,0,f9d2a211,b40b63b9
480x272,1.45,PAGES/gpspids.lua,7,7,98,0,3b56a62b,bccfad0a
480x272,1.45,PAGES/pid_advanced.lua,5,17,378,0,9bbdbc06,7b101867
480x272,1.45,PAGES/pids1.lua,7,9,144,0,759ab933,4841acee
480x272,1.45,PAGES/pids2.lua,8,14,349,0,77c4bd41,f7b82288
480x272,1.45,PAGES/pos_osd.lua,5,5,50,0,8fcefb20,b7c5fe85
480x272,1.45,PAGES/profiles.lua,0,2,8,0,11900255,401d7a9f
480x272,1.45,PAGES/pwm.lua,2,6,84,0,c1dbc709,d8683a8f
480x272,1.45,PAGES/rates.lua,12,14,434,0,59ee0f6a,18e545d7
480x272,1.45,PAGES/rescue.lua,1,14,328,0,cef12996,a8fc2662
480x272,1.45,PAGES/rx.lua,4,8,160,0,ff62e1e1,0bbdaadd
480x272,1.45,PAGES/simplified_tuning.lua,2,13,295,0,2aa9eb50,ff5550f9
480x272,1.45,PAGES/vtx.lua,0,6,72,0,1112076a,b52a0f1f
480x272,1.46,CONFIRM/acc_cal.lua,4,1,5,0,ec372514,451c95a4
480x272,1.46,CONFIRM/pwm.lua,3,1,4,0,71981d04,d7a67278
480x272,1.46,CONFIRM/vtx_tables.lua,3,1,4,0,5effb275,faf92e5b
480x272,1.46,PAGES/acc_trim.lua,1,2,10,0,8d616755,58135752
480x272,1.46,PAGES/battery.lua,2,4,40,0,65406a98,3faba869
480x272,1.46,PAGES/failsafe.lua,3,6,90,0,c9f18912,182784da
480x272,1.46,PAGES/filters1.lua,10,21,445,0,106914f0,80390926
480x272,1.46,PAGES/filters2.lua,2,6,84,0,05f86579,bebaac05
480x272,1.46,PAGES/gpspids.lua,7,7,98,0,a321bf87,6d9dd0fa
480x272,1.46,PAGES/pid_advanced.lua,5,17,378,0,8f23e47e,7aff48a1
480x272,1.46,PAGES/pids1.lua,7,9,144,0,6adeed77,caa2b75c
480x272,1.46,PAGES/pids2.lua,8,14,349,0,b629d47b,7966684b
480x272,1.46,PAGES/pos_osd.lua,5,5,50,0,581d5e04,4f19319d
480x272,1.46,PAGES/profiles.lua,0,2,8,0,95073b35,c0d1c5db
480x272,1.46,PAGES/pwm.lua,2,6,84,0,f0afade5,761abc1f
480x272,1.46,PAGES/rates.lua,12,14,434,0,ef87e9bc,748cb701
480x272,1.46,PAGES/rescue.lua,1,14,328,0,acea66a5,7c868c22
480x272,1.46,PAGES/rx.lua,4,8,160,0,2c9cd391,a98c5d73
480x272,1.46,PAGES/simplified_tuning.lua,2,13,295,0,e75efb17,5560d202
480x272,1.46,PAGES/vtx.lua,0,6,72,0,fcbcb01e,44790c7f
480x272,1.47,CONFIRM/acc_cal.lua,4,1,5,0,22705c6b,14a54943
480x272,1.47,CONFIRM/pwm.lua,3,1,4,0,28b46ca2,0af16d16
480x272,1.47,CONFIRM/vtx_tables.lua,3,1,4,0,102cce8f,96dae9f5
480x272,1.47,PAGES/acc_trim.lua,1,2,10,0,babf34a4,9c64e02e
480x272,1.47,PAGES/battery.lua,2,4,40,0,600b920e,2b5de225
480x272,1.47,PAGES/failsafe.lua,3,6,90,0,0464b303,8dc2bd2e
480x272,1.47,PAGES/filters1.lua,10,21,445,0,e6eeb681,66c47667
480x272,1.47,PAGES/filters2.lua,2,6,84,0,cbe426f5,2679b47d
480x272,1.47,PAGES/gpspids.lua,7,7,98,0,560bdd2f,5255d47a
480x272,1.47,PAGES/pid_advanced.lua,5,17,378,0,11b57176,6f2e6f63
480x272,1.47,PAGES/pids1.lua,7,9,144,0,f156c14b,8adcf0e2
480x272,1.47,PAGES/pids2.lua,8,14,349,0,733ee9d5,e52b100a
480x272,1.47,PAGES/pos_osd.lua,5,5,50,0,bb1ac418,f66fa84d
480x272,1.47,PAGES/profiles.lua,0,2,8,0,de38dfd1,b1a6c38b
480x272,1.47,PAGES/pwm.lua,2,6,84,0,edf0f5c1,a7a49c97
480x272,1.47,PAGES/rates.lua,12,14,434,0,3b9d6b8a,6b567c0f
480x272,1.47,PAGES/rescue.lua,1,14,328,0,b7bfb7d0,c5e4a1d2
480x272,1.47,PAGES/rx.lua,4,7,126,0,49cb3870,aa569275
480x272,1.47,PAGES/simplified_tuning.lua,2,13,295,0,dfca4d4a,60f540c7
480x272,1.47,PAGES/vtx.lua,0,6,72,0,776e3d36,ff0b3b4f
480x272,1.48,CONFIRM/acc_cal.lua,4,1,5,0,da7d938e,67ad9656
480x272,1.48,CONFIRM/pwm.lua,3,1,4,0,bba6cfb4,5fa5b60c
480x272,1.48,CONFIRM/vtx_tables.lua,3,1,4,0,933c7b81,4e0af97b
480x272,1.48,PAGES/acc_trim.lua,1,2,10,0,cd86beab,252921e6
480x272,1.48,PAGES/battery.lua,2,4,40,0,8add9308,1e8a2dc1
480x272,1.48,PAGES/failsafe.lua,3,6,90,0,1a74fbec,11760aa2
480x272,1.48,PAGES/filters1.lua,10,21,445,0,efd71b4e,b8ec3f3c
480x272,1.48,PAGES/filters2.lua,2,6,84,0,434393a5,64409b49
480x272,1.48,PAGES/gpspids.lua,7,7,98,0,49c1443b,ccaadaca
480x272,1.48,PAGES/pid_advanced.lua,5,17,378,0,117acb36,5c46c449
480x272,1.48,PAGES/pids1.lua,7,9,144,0,7464d217,722c4a5c
480x272,1.48,PAGES/pids2.lua,8,14,349,0,f9c21f73,6f582e4d
480x272,1.48,PAGES/pos_osd.lua,5,5,50,0,79b95cfc,935ea1b5
480x272,1.48,PAGES/profiles.lua,0,3,18,0,f80936f9,690eb5b9
480x272,1.48,PAGES/pwm.lua,2,6,84,0,f1dc1c0d,2e2fd627
480x272,1.48,PAGES/rates.lua,12,14,434,0,214bdec0,f83ec1d5
480x272,1.48,PAGES/rescue.lua,1,14,328,0,f04b7ad7,70960e92
480x272,1.48,PAGES/rx.lua,4,7,126,0,a27bc5c3,b05e774d
480x272,1.48,PAGES/simplified_tuning.lua,2,13,295,0,26cc6439,8a1d08d8
480x272,1.48,PAGES/vtx.lua,0,6,72,0,55c5bfda,9f7391b7
480x272,1.49,CONFIRM/acc_cal.lua,4,1,5,0,0b2dfe4d,5b516265
480x272,1.49,CONFIRM/pwm.lua,3,1,4,0,2af6e1ce,d56d468e
480x272,1.49,CONFIRM/vtx_tables.lua,3,1,4,0,fc60aa17,7eb25819
480x272,1.49,PAGES/acc_trim.lua,1,2,10,0,da88cb9a,d44b629a
480x272,1.49,PAGES/battery.lua,2,4,40,0,624e03a2,3458b01d
480x272,1.49,PAGES/failsafe.lua,3,6,90,0,05b40bb5,4c75c746
480x272,1.49,PAGES/filters1.lua,10,21,445,0,c5534f77,5117595d
480x272,1.49,PAGES/filters2.lua,2,6,84,0,1e6ea081,82bc13a1
480x272,1.49,PAGES/gpspids.lua,7,7,98,0,85a4e693,b9713102
480x272,1.49,PAGES/pid_advanced.lua,5,17,378,0,1d7f92b6,b328c657
480x272,1.49,PAGES/pids1.lua,7,9,144,0,4895cf0b,449fe07e
480x272,1.49,PAGES/pids2.lua,8,14,349,0,2347c4a9,72b5cfe4
480x272,1.49,PAGES/pos_osd.lua,5,5,50,0,6204ca10,7ce88dc5
480x272,1.49,PAGES/profiles.lua,0,3,18,0,b78c8010,e75b591b
480x272,1.49,PAGES/pwm.lua,2,6,84,0,16f17199,8f535cef
480x272,1.49,PAGES/rates.lua,12,14,434,0,89377cb2,34160767
480x272,1.49,PAGES/rescue.lua,1,14,328,0,c5acffaa,4de02352
480x272,1.49,PAGES/rx.lua,4,7,126,0,3f9beaaa,4351583d
480x272,1.49,PAGES/simplified_tuning.lua,2,13,295,0,3fe3ebfc,9239917d
480x272,1.49,PAGES/vtx.lua,0,6,72,0,2a6f3062,b750fa67
480x320,1.15,CONFIRM/acc_cal.lua,4,1,5,0,382511a1,5e050d49
480x320,1.15,CONFIRM/pwm.lua,3,1,4,0,482ea8e2,6eca7a84
480x320,1.15,CONFIRM/vtx_tables.lua,3,1,4,0,d54c14a5,2f204a99
480x320,1.15,PAGES/acc_trim.lua,1,2,10,0,3cfdc3b7,b729aa7e
480x320,1.15,PAGES/battery.lua,2,4,40,0,c4cc3b68,53fb42f5
480x320,1.15,PAGES/failsafe.lua,2,6,84,0,ea5d33a5,c92f93b1
480x320,1.15,PAGES/filters1.lua,0,0,0,0,811c9dc5,811c9dc5
480x320,1.15,PAGES/filters2.lua,0,0,0,0,811c9dc5,811c9dc5
480x320,1.15,PAGES/gpspids.lua,0,0,0,0,811c9dc5,811c9dc5
480x320,1.15,PAGES/pid_advanced.lua,0,0,0,0,811c9dc5,811c9dc5
480x320,1.15,PAGES/pids1.lua,0,0,0,0,811c9dc5,811c9dc5
480x320,1.15,PAGES/pids2.lua,0,0,0,0,811c9dc5,811c9dc5
480x320,1.15,PAGES/pos_osd.lua,5,5,50,0,0856056c,5026131d
480x320,1.15,PAGES/profiles.lua,0,2,8,0,aa90173f,7366f22b
480x320,1.15,PAGES/pwm.lua,2,5,60,0,6ddd461e,0c2ab980
480x320,1.15,PAGES/rates.lua,0,0,0,0,811c9dc5,811c9dc5
480x320,1.15,PAGES/rescue.lua,0,0,0,0,811c9dc5,811c9dc5
480x320,1.15,PAGES/rx.lua,0,0,0,0,811c9dc5,811c9dc5
480x320,1.15,PAGES/simplified_tuning.lua,2,13,318,0,fb8b924d,06541c02
480x320,1.15,PAGES/vtx.lua,0,0,0,0,811c9dc5,811c9dc5
480x320,1.16,CONFIRM/acc_cal.lua,4,1,5,0,f8fc746c,328750d8
480x320,1.16,CONFIRM/pwm.lua,3,1,4,0,ab76820c,330865ce
480x320,1.16,CONFIRM/vtx_tables.lua,3,1,4,0,c30e4683,24c9d5df
480x320,1.16,PAGES/acc_trim.lua,1,2,10,0,e43caa38,4db502ba
480x320,1.16,PAGES/battery.lua,2,4,40,0,47108778,f5bce601
480x320,1.16,PAGES/failsafe.lua,2,6,84,0,910adba7,0104ffd9
480x320,1.16,PAGES/filters1.lua,3,3,27,0,bd4f8a6c,f53c306c
480x320,1.16,PAGES/filters2.lua,0,0,0,0,811c9dc5,811c9dc5
480x320,1.16,PAGES/gpspids.lua,0,0,0,0,811c9dc5,811c9dc5
480x320,1.16,PAGES/pid_advanced.lua,0,1,2,0,51417832,e5bf02b2
480x320,1.16,PAGES/pids1.lua,7,8,120,0,77c1b5c7,f647ac75
480x320,1.16,PAGES/pids2.lua,0,0,0,0,811c9dc5,811c9dc5
480x320,1.16,PAGES/pos_osd.lua,5,5,50,0,078a672c,b5c84539
480x320,1.16,PAGES/profiles.lua,0,2,8,0,34716dab,21166207
480x320,1.16,PAGES/pwm.lua,2,5,60,0,c687361f,f1816708
480x320,1.16,PAGES/rates.lua,13,11,308,0,4a92eeaf,34a65b33
480x320,1.16,PAGES/rescue.lua,0,0,0,0,811c9dc5,811c9dc5
480x320,1.16,PAGES/rx.lua,1,3,21,0,acb32852,76a7ce02
480x320,1.16,PAGES/simplified_tuning.lua,2,13,318,0,bb475dcc,92e9e3e4
480x320,1.16,PAGES/vtx.lua,0,0,0,0,811c9dc5,811c9dc5
480x320,1.18,CONFIRM/acc_cal.lua,4,1,5,0,5d8c3f3a,1795b62e
480x320,1.18,CONFIRM/pwm.lua,3,1,4,0,83e8e150,b57f38b6
480x320,1.18,CONFIRM/vtx_tables.lua,3,1,4,0,29d72f33,075e6bfb
480x320,1.18,PAGES/acc_trim.lua,1,2,10,0,97605fe6,29d3d56e
480x320,1.18,PAGES/battery.lua,2,4,40,0,f3aef788,8b329cd1
480x320,1.18,PAGES/failsafe.lua,2,6,84,0,5f93cac7,0ea2a2fd
480x320,1.18,PAGES/filters1.lua,3,3,27,0,20633704,03a67712
480x320,1.18,PAGES/filters2.lua,0,0,0,0,811c9dc5,811c9dc5
480x320,1.18,PAGES/gpspids.lua,0,0,0,0,811c9dc5,811c9dc5
480x320,1.18,PAGES/pid_advanced.lua,0,1,2,0,dc0c28a8,d6898562
480x320,1.18,PAGES/pids1.lua,7,8,120,0,39a64451,c22c602d
480x320,1.18,PAGES/pids2.lua,0,0,0,0,811c9dc5,811c9dc5
480x320,1.18,PAGES/pos_osd.lua,5,5,50,0,2c2dc45c,a4057fe1
480x320,1.18,PAGES/profiles.lua,0,2,8,0,8df041f7,6240686b
480x320,1.18,PAGES/pwm.lua,2,5,60,0,295940c5,0e80f0ac
480x320,1.18,PAGES/rates.lua,13,11,308,0,d3fb987f,05d2389b
480x320,1.18,PAGES/rescue.lua,0,0,0,0,811c9dc5,811c9dc5
480x320,1.18,PAGES/rx.lua,1,3,21,0,d63ee3ca,0bbc70a8
480x320,1.18,PAGES/simplified_tuning.lua,2,13,318,0,48aaadf6,55954de4
480x320,1.18,PAGES/vtx.lua,0,0,0,0,811c9dc5,811c9dc5
480x320,1.2,CONFIRM/acc_cal.lua,4,1,5,0,383dfed5,16f220a1
480x320,1.2,CONFIRM/pwm.lua,3,1,4,0,fec6c5cc,a0423396
480x320,1.2,CONFIRM/vtx_tables.lua,3,1,4,0,7441a0a1,9a6a65d1
480x320,1.2,PAGES/acc_trim.lua,1,2,10,0,fd50f1e9,df759002
480x320,1.2,PAGES/battery.lua,2,4,40,0,610032e6,f425c2f1
480x320,1.2,PAGES/failsafe.lua,2,6,84,0,d5f932ab,171fad03
480x320,1.2,PAGES/filters1.lua,5,7,133,0,7e61ca23,082959ce
480x320,1.2,PAGES/filters2.lua,0,0,0,0,811c9dc5,811c9dc5
480x320,1.2,PAGES/gpspids.lua,0,0,0,0,811c9dc5,811c9dc5
480x320,1.2,PAGES/pid_advanced.lua,0,1,2,0,9b12dcd9,46f05258
480x320,1.2,PAGES/pids1.lua,7,8,120,0,5a891ef6,84dc0319
480x320,1.2,PAGES/pids2.lua,0,0,0,0,811c9dc5,811c9dc5
480x320,1.2,PAGES/pos_osd.lua,5,5,50,0,10049314,25086699
480x320,1.2,PAGES/profiles.lua,0,2,8,0,fe425375,611b5e17
480x320,1.2,PAGES/pwm.lua,2,5,60,0,0483a72a,baa424d6
480x320,1.2,PAGES/rates.lua,13,11,308,0,6002c5f3,efcfc849
480x320,1.2,PAGES/rescue.lua,0,0,0,0,811c9dc5,811c9dc5
480x320,1.2,PAGES/rx.lua,1,5,55,0,a9b069f3,6571fc61
480x320,1.2,PAGES/simplified_tuning.lua,2,13,318,0,f4d0dbaf,fb9db26a
480x320,1.2,PAGES/vtx.lua,0,0,0,0,811c9dc5,811c9dc5
480x320,1.21,CONFIRM/acc_cal.lua,4,1,5,0,0a18b152,f09a218a
480x320,1.21,CONFIRM/pwm.lua,3,1,4,0,ac1e1fbc,c06689ae
480x320,1.21,CONFIRM/vtx_tables.lua,3,1,4,0,b1117cf7,e3b2a823
480x320,1.21,PAGES/acc_trim.lua,1,2,10,0,b998ace2,e509802a
480x320,1.21,PAGES/battery.lua,2,4,40,0,898ea178,82f7b309
480x320,1.21,PAGES/failsafe.lua,2,6,84,0,f7d9e5f7,39572b4d
480x320,1.21,PAGES/filters1.lua,6,9,190,0,20336144,b6ce8094
480x320,1.21,PAGES/filters2.lua,0,0,0,0,811c9dc5,811c9dc5
480x320,1.21,PAGES/gpspids.lua,0,0,0,0,811c9dc5,811c9dc5
480x320,1.21,PAGES/pid_advanced.lua,0,1,2,0,18ddbfd4,25577c82
480x320,1.21,PAGES/pids1.lua,7,8,120,0,d85c38d5,fb7d72ad
480x320,1.21,PAGES/pids2.lua,1,2,10,0,f7a52edb,f32cd92e
480x320,1.21,PAGES/pos_osd.lua,5,5,50,0,38a66620,5cf653d9
480x320,1.21,PAGES/profiles.lua,0,2,8,0,8096df67,0aa62597
480x320,1.21,PAGES/pwm.lua,2,5,60,0,2bef219f,411aa2c0
480x320,1.21,PAGES/rates.lua,13,11,308,0,6bcd97e7,4890d45f
480x320,1.21,PAGES/rescue.lua,0,0,0,0,811c9dc5,811c9dc5
480x320,1.21,PAGES/rx.lua,1,5,55,0,73edb02b,fa236b04
480x320,1.21,PAGES/simplified_tuning.lua,2,13,318,0,c58cd61a,01016968
480x320,1.21,PAGES/vtx.lua,0,0,0,0,811c9dc5,811c9dc5
480x320,1.26,CONFIRM/acc_cal.lua,4,1,5,0,1251e6bf,db1eafdb
480x320,1.26,CONFIRM/pwm.lua,3,1,4,0,02236cfa,53f3a69c
480x320,1.26,CONFIRM/vtx_tables.lua,3,1,4,0,4ec191f1,a880c6b5
480x320,1.26,PAGES/acc_trim.lua,1,2,10,0,a31d264d,f733508a
480x320,1.26,PAGES/battery.lua,2,4,40,0,e1c92c64,f7bf158d
480x320,1.26,PAGES/failsafe.lua,2,6,84,0,7a29e6f5,b37a1aad
480x320,1.26,PAGES/filters1.lua,6,9,190,0,36c09efd,128eae24
480x320,1.26,PAGES/filters2.lua,0,0,0,0,811c9dc5,811c9dc5
480x320,1.26,PAGES/gpspids.lua,0,0,0,0,811c9dc5,811c9dc5
480x320,1.26,PAGES/pid_advanced.lua,0,1,2,0,2d7c3355,83175452
480x320,1.26,PAGES/pids1.lua,7,8,120,0,41fece96,838d9261
480x320,1.26,PAGES/pids2.lua,1,2,10,0,342bb6f8,93dfd8a6
480x320,1.26,PAGES/pos_osd.lua,5,5,50,0,484c3c8c,82900969
480x320,1.26,PAGES/profiles.lua,0,2,8,0,8779881f,fad4a7fb
480x320,1.26,PAGES/pwm.lua,2,5,60,0,2ef54948,36560ab8
480x320,1.26,PAGES/rates.lua,13,11,308,0,79894c61,9f1a341b
480x320,1.26,PAGES/rescue.lua,0,0,0,0,811c9dc5,811c9dc5
480x320,1.26,PAGES/rx.lua,1,5,55,0,ccf5248d,aa363d55
480x320,1.26,PAGES/simplified_tuning.lua,2,13,318,0,b62a1007,6c0caa2a
480x320,1.26,PAGES/vtx.lua,0,0,0,0,811c9dc5,811c9dc5
480x320,1.31,CONFIRM/acc_cal.lua,4,1,5,0,a62d8153,c2d8ee23
480x320,1.31,CONFIRM/pwm.lua,3,1,4,0,56af3afe,371e3f94
480x320,1.31,CONFIRM/vtx_tables.lua,3,1,4,0,78626999,7ecf0d61
480x320,1.31,PAGES/acc_trim.lua,1,2,10,0,3a154e55,262cdf62
480x320,1.31,PAGES/battery.lua,2,4,40,0,1bf44f2c,f54eca45
480x320,1.31,PAGES/failsafe.lua,2,6,84,0,87fcdc45,195879c9
480x320,1.31,PAGES/filters1.lua,6,9,190,0,841c1615,31b938a8
480x320,1.31,PAGES/filters2.lua,0,0,0,0,811c9dc5,811c9dc5
480x320,1.31,PAGES/gpspids.lua,0,0,0,0,811c9dc5,811c9dc5
480x320,1.31,PAGES/pid_advanced.lua,1,3,21,0,e12c451d,c82bfb98
480x320,1.31,PAGES/pids1.lua,7,8,120,0,08e8f3ce,3afed979
480x320,1.31,PAGES/pids2.lua,1,2,10,0,103be198,c4a28ae6
480x320,1.31,PAGES/pos_osd.lua,5,5,50,0,6a44edec,67417c65
480x320,1.31,PAGES/profiles.lua,0,2,8,0,af701eaf,54d02d67
480x320,1.31,PAGES/pwm.lua,2,7,112,0,cd381e28,09b24db1
480x320,1.31,PAGES/rates.lua,13,11,308,0,6063ddc9,87854da3
480x320,1.31,PAGES/rescue.lua,0,0,0,0,811c9dc5,811c9dc5
480x320,1.31,PAGES/rx.lua,1,6,78,0,68e33e00,d750d454
480x320,1.31,PAGES/simplified_tuning.lua,2,13,318,0,08062bb7,8c4b68b6
480x320,1.31,PAGES/vtx.lua,0,0,0,0,811c9dc5,811c9dc5
480x320,1.33,CONFIRM/acc_cal.lua,4,1,5,0,2ee28dcd,dbb4827d
480x320,1.33,CONFIRM/pwm.lua,3,1,4,0,99f74166,c6da5128
480x320,1.33,CONFIRM/vtx_tables.lua,3,1,4,0,096c77c5,f6e0dec9
480x320,1.33,PAGES/acc_trim.lua,1,2,10,0,eab0b5af,74108bc6
480x320,1.33,PAGES/battery.lua,2,4,40,0,9acb65ec,2456f6e5
480x320,1.33,PAGES/failsafe.lua,2,6,84,0,2fe71349,90b4632d
480x320,1.33,PAGES/filters1.lua,6,9,190,0,a652bc4f,91dd76a4
480x320,1.33,PAGES/filters2.lua,0,0,0,0,811c9dc5,811c9dc5
480x320,1.33,PAGES/gpspids.lua,0,0,0,0,811c9dc5,811c9dc5
480x320,1.33,PAGES/pid_advanced.lua,1,3,21,0,3f69ed7d,2ab2732e
480x320,1.33,PAGES/pids1.lua,7,8,120,0,5951e5ec,4c988939
480x320,1.33,PAGES/pids2.lua,1,2,10,0,ab6ab276,4831a4ee
480x320,1.33,PAGES/pos_osd.lua,5,5,50,0,58a29a1c,866c51d5
480x320,1.33,PAGES/profiles.lua,0,2,8,0,8b2b74db,94fc9163
480x320,1.33,PAGES/pwm.lua,2,7,112,0,1b9fc03a,0129b9e5
480x320,1.33,PAGES/rates.lua,13,11,308,0,00e2e9bd,b0b0ad93
480x320,1.33,PAGES/rescue.lua,0,0,0,0,811c9dc5,811c9dc5
480x320,1.33,PAGES/rx.lua,1,6,78,0,82916996,006355c4
480x320,1.33,PAGES/simplified_tuning.lua,2,13,318,0,b64de01d,a86f9502
480x320,1.33,PAGES/vtx.lua,0,0,0,0,811c9dc5,811c9dc5
480x320,1.35,CONFIRM/acc_cal.lua,4,1,5,0,56d59daf,ccd535bf
480x320,1.35,CONFIRM/pwm.lua,3,1,4,0,193c468e,1096185c
480x320,1.35,CONFIRM/vtx_tables.lua,3,1,4,0,195d3341,903f3339
480x320,1.35,PAGES/acc_trim.lua,1,2,10,0,bdbf6909,d74afcda
480x320,1.35,PAGES/battery.lua,2,4,40,0,bcad2b74,42365a4d
480x320,1.35,PAGES/failsafe.lua,2,6,84,0,55632c65,64e55c61
480x320,1.35,PAGES/filters1.lua,6,9,190,0,b7bc9ce1,e76fa588
480x320,1.35,PAGES/filters2.lua,0,0,0,0,811c9dc5,811c9dc5
480x320,1.35,PAGES/gpspids.lua,0,0,0,0,811c9dc5,811c9dc5
480x320,1.35,PAGES/pid_advanced.lua,1,3,21,0,d727806d,ea3d97c4
480x320,1.35,PAGES/pids1.lua,7,8,120,0,d8a26962,19f4dc39
480x320,1.35,PAGES/pids2.lua,1,2,10,0,20ef73dc,334686b6
480x320,1.35,PAGES/pos_osd.lua,5,5,50,0,e71882d4,c95910c5
480x320,1.35,PAGES/profiles.lua,0,2,8,0,2e277edf,f1c623c7
480x320,1.35,PAGES/pwm.lua,2,7,112,0,8bbf1f24,beb53021
480x320,1.35,PAGES/rates.lua,13,11,308,0,5129b4e1,bd8a3a1b
480x320,1.35,PAGES/rescue.lua,0,0,0,0,811c9dc5,811c9dc5
480x320,1.35,PAGES/rx.lua,1,6,78,0,fafdd9ec,39a6e64c
480x320,1.35,PAGES/simplified_tuning.lua,2,13,318,0,0fc2c093,f94e8c46
480x320,1.35,PAGES/vtx.lua,0,0,0,0,811c9dc5,811c9dc5
480x320,1.36,CONFIRM/acc_cal.lua,4,1,5,0,9dbcd44e,c95ae3e2
480x320,1.36,CONFIRM/pwm.lua,3,1,4,0,48993fd4,3a76a0da
480x320,1.36,CONFIRM/vtx_tables.lua,3,1,4,0,f84ab5d3,ab617e6b
480x320,1.36,PAGES/acc_trim.lua,1,2,10,0,28bab61a,ee064a4a
480x320,1.36,PAGES/battery.lua,2,4,40,0,c5151428,6ae5ea51
480x320,1.36,PAGES/failsafe.lua,2,6,84,0,020207b3,e89971c9
480x320,1.36,PAGES/filters1.lua,6,10,215,0,d9567d9b,22b81f40
480x320,1.36,PAGES/filters2.lua,0,0,0,0,811c9dc5,811c9dc5
480x320,1.36,PAGES/gpspids.lua,0,0,0,0,811c9dc5,811c9dc5
480x320,1.36,PAGES/pid_advanced.lua,2,4,40,0,68ac42cc,6384a7dd
480x320,1.36,PAGES/pids1.lua,7,8,120,0,d11b9add,fbaf1dad
480x320,1.36,PAGES/pids2.lua,1,2,10,0,b455b133,28aded76
480x320,1.36,PAGES/pos_osd.lua,5,5,50,0,060f97d8,cc42b475
480x320,1.36,PAGES/profiles.lua,0,2,8,0,ca0c1377,087821a3
480x320,1.36,PAGES/pwm.lua,2,7,112,0,cbc99a39,0dfe0246
480x320,1.36,PAGES/rates.lua,13,11,308,0,17e08303,700b2d0f
480x320,1.36,PAGES/rescue.lua,0,0,0,0,811c9dc5,811c9dc5
480x320,1.36,PAGES/rx.lua,1,6,78,0,e69fbf21,8ce2649e
480x320,1.36,PAGES/simplified_tuning.lua,2,13,318,0,052f4312,db2d62e8
480x320,1.36,PAGES/vtx.lua,0,6,72,0,e79175f7,d1b79885
480x320,1.37,CONFIRM/acc_cal.lua,4,1,5,0,1b3197a9,eb608109
480x320,1.37,CONFIRM/pwm.lua,3,1,4,0,8586fdc6,7c134498
480x320,1.37,CONFIRM/vtx_tables.lua,3,1,4,0,bc91e9d5,e8cf8461
480x320,1.37,PAGES/acc_trim.lua,1,2,10,0,90cd5023,ade9ba76
480x320,1.37,PAGES/battery.lua,2,4,40,0,5fc583a4,86b443fd
480x320,1.37,PAGES/failsafe.lua,2,6,84,0,dd1e40f1,4936a8dd
480x320,1.37,PAGES/filters1.lua,6,10,215,0,4b0dfcb1,4996fd35
480x320,1.37,PAGES/filters2.lua,0,0,0,0,811c9dc5,811c9dc5
480x320,1.37,PAGES/gpspids.lua,0,0,0,0,811c9dc5,811c9dc5
480x320,1.37,PAGES/pid_advanced.lua,2,4,40,0,9127c614,11d1ad55
480x320,1.37,PAGES/pids1.lua,7,8,120,0,ae1e50f0,9ec1d629
480x320,1.37,PAGES/pids2.lua,1,2,10,0,08c84c4a,58e92b8e
480x320,1.37,PAGES/pos_osd.lua,5,5,50,0,69e54c64,dbbf3bb5
480x320,1.37,PAGES/profiles.lua,0,2,8,0,30a54ad3,b5c3ab3b
480x320,1.37,PAGES/pwm.lua,2,7,112,0,a35d3660,db26adec
480x320,1.37,PAGES/rates.lua,13,13,390,0,411d8eff,150ff647
480x320,1.37,PAGES/rescue.lua,0,0,0,0,811c9dc5,811c9dc5
480x320,1.37,PAGES/rx.lua,1,6,78,0,df60b1b2,cc6fff3c
480x320,1.37,PAGES/simplified_tuning.lua,2,13,318,0,fee5ee19,e6fc670a
480x320,1.37,PAGES/vtx.lua,0,6,72,0,0dccd862,8fea6f21
480x320,1.38,CONFIRM/acc_cal.lua,4,1,5,0,0f062848,2c3305a4
480x320,1.38,CONFIRM/pwm.lua,3,1,4,0,58016038,204bfc22
480x320,1.38,CONFIRM/vtx_tables.lua,3,1,4,0,3dddfbf3,1eb91277
480x320,1.38,PAGES/acc_trim.lua,1,2,10,0,8f2a8314,a0b5b64e
480x320,1.38,PAGES/battery.lua,2,4,40,0,a9b14bd8,a7fbb391
480x320,1.38,PAGES/failsafe.lua,2,6,84,0,50f70373,c433b02d
480x320,1.38,PAGES/filters1.lua,6,10,215,0,fe97571b,7593ecee
480x320,1.38,PAGES/filters2.lua,0,0,0,0,811c9dc5,811c9dc5
480x320,1.38,PAGES/gpspids.lua,0,0,0,0,811c9dc5,811c9dc5
480x320,1.38,PAGES/pid_advanced.lua,2,4,40,0,f7552804,33fa3fbd
480x320,1.38,PAGES/pids1.lua,7,8,120,0,8b86181b,6ce595f5
480x320,1.38,PAGES/pids2.lua,1,2,10,0,2548e411,3488f676
480x320,1.38,PAGES/pos_osd.lua,5,5,50,0,7dde3768,d62110bd
480x320,1.38,PAGES/profiles.lua,0,2,8,0,d4af3d53,573c76d7
480x320,1.38,PAGES/pwm.lua,2,7,112,0,2d31bc67,f0e76326
480x320,1.38,PAGES/rates.lua,13,13,390,0,8fb1d0fd,9bd511f3
480x320,1.38,PAGES/rescue.lua,0,0,0,0,811c9dc5,811c9dc5
480x320,1.38,PAGES/rx.lua,1,6,78,0,05749907,0453ad52
480x320,1.38,PAGES/simplified_tuning.lua,2,13,318,0,ae5b8890,bfd635c8
480x320,1.38,PAGES/vtx.lua,0,6,72,0,6e0c0976,03cc2aad
480x320,1.39,CONFIRM/acc_cal.lua,4,1,5,0,3bf8d21b,2f9ed01b
480x320,1.39,CONFIRM/pwm.lua,3,1,4,0,43646f7e,4ae50824
480x320,1.39,CONFIRM/vtx_tables.lua,3,1,4,0,cd853079,7551d181
480x320,1.39,PAGES/acc_trim.lua,1,2,10,0,5d17bf2d,8ac38c72
480x320,1.39,PAGES/battery.lua,2,4,40,0,265e0fdc,b72f1505
480x320,1.39,PAGES/failsafe.lua,3,6,90,0,b5725009,eab6eb98
480x320,1.39,PAGES/filters1.lua,8,14,305,0,ce645835,4ee71dbe
480x320,1.39,PAGES/filters2.lua,0,0,0,0,811c9dc5,811c9dc5
480x320,1.39,PAGES/gpspids.lua,0,0,0,0,811c9dc5,811c9dc5
480x320,1.39,PAGES/pid_advanced.lua,2,4,40,0,10af949c,eec3a5ed
480x320,1.39,PAGES/pids1.lua,7,8,120,0,27a754b6,ff8c73c9
480x320,1.39,PAGES/pids2.lua,1,2,10,0,d677d928,fe097506
480x320,1.39,PAGES/pos_osd.lua,5,5,50,0,2363beec,311c1ab5
480x320,1.39,PAGES/profiles.lua,0,2,8,0,d70843df,baf297c7
480x320,1.39,PAGES/pwm.lua,2,7,112,0,1f8a70c6,572434f0
480x320,1.39,PAGES/rates.lua,13,13,390,0,96697ebb,bf6fcd73
480x320,1.39,PAGES/rescue.lua,0,0,0,0,811c9dc5,811c9dc5
480x320,1.39,PAGES/rx.lua,1,6,78,0,5378c998,f0113364
480x320,1.39,PAGES/simplified_tuning.lua,2,13,318,0,90fa872f,4d093996
480x320,1.39,PAGES/vtx.lua,0,6,72,0,11527e16,8793f469
480x320,1.4,CONFIRM/acc_cal.lua,4,1,5,0,5a2b5da7,0726708b
480x320,1.4,CONFIRM/pwm.lua,3,1,4,0,ef43c524,e38349ca
480x320,1.4,CONFIRM/vtx_tables.lua,3,1,4,0,fb67faed,b0297a41
480x320,1.4,PAGES/acc_trim.lua,1,2,10,0,00ca3033,a859b3f6
480x320,1.4,PAGES/battery.lua,2,4,40,0,5ab6d60a,b67b35e1
480x320,1.4,PAGES/failsafe.lua,3,6,90,0,a82c0cc9,cb4b25fa
480x320,1.4,PAGES/filters1.lua,8,14,305,0,fa177fb3,9ffb31f8
480x320,1.4,PAGES/filters2.lua,0,0,0,0,811c9dc5,811c9dc5
480x320,1.4,PAGES/gpspids.lua,0,0,0,0,811c9dc5,811c9dc5
480x320,1.4,PAGES/pid_advanced.lua,4,12,272,0,157656de,e76f572b
480x320,1.4,PAGES/pids1.lua,7,8,120,0,61895f9c,d6a40579
480x320,1.4,PAGES/pids2.lua,6,4,44,0,17ca43e1,ca42b435
480x320,1.4,PAGES/pos_osd.lua,5,5,50,0,b71af380,7ec6be69
480x320,1.4,PAGES/profiles.lua,0,2,8,0,ba376811,cd9a9df3
480x320,1.4,PAGES/pwm.lua,2,7,112,0,c65efe3c,435e1cca
480x320,1.4,PAGES/rates.lua,13,13,390,0,6d6bf311,0866f135
480x320,1.4,PAGES/rescue.lua,0,0,0,0,811c9dc5,811c9dc5
480x320,1.4,PAGES/rx.lua,4,12,279,0,548a9d25,c40eb734
480x320,1.4,PAGES/simplified_tuning.lua,2,13,318,0,6fc74739,88de705e
480x320,1.4,PAGES/vtx.lua,0,6,72,0,a037fd9e,f45425f5
480x320,1.41,CONFIRM/acc_cal.lua,4,1,5,0,e58c2e98,752c4fa8
480x320,1.41,CONFIRM/pwm.lua,3,1,4,0,586a50b4,926bccb2
480x320,1.41,CONFIRM/vtx_tables.lua,3,1,4,0,496fb967,82e1dbdf
480x320,1.41,PAGES/acc_trim.lua,1,2,10,0,0f6a1334,8858169e
480x320,1.41,PAGES/battery.lua,2,4,40,0,f8baad04,645feb29
480x320,1.41,PAGES/failsafe.lua,3,6,90,0,4446e936,2ec47ed8
480x320,1.41,PAGES/filters1.lua,10,21,480,0,77f4789e,04f8e093
480x320,1.41,PAGES/filters2.lua,0,0,0,0,811c9dc5,811c9dc5
480x320,1.41,PAGES/gpspids.lua,7,7,98,0,bc0d756b,de506f92
480x320,1.41,PAGES/pid_advanced.lua,4,13,306,0,71788e88,a1c51737
480x320,1.41,PAGES/pids1.lua,7,9,144,0,78e4b6e8,4f64a3ad
480x320,1.41,PAGES/pids2.lua,8,9,180,0,7b738e2d,a7221092
480x320,1.41,PAGES/pos_osd.lua,5,5,50,0,b5ea0cb8,28e29e01
480x320,1.41,PAGES/profiles.lua,0,2,8,0,b494bc0f,9fa53c2b
480x320,1.41,PAGES/pwm.lua,2,6,84,0,17aecada,fa8cb201
480x320,1.41,PAGES/rates.lua,13,15,510,0,1cabb4d0,4f553647
480x320,1.41,PAGES/rescue.lua,1,9,171,0,861fadcd,f07a8c08
480x320,1.41,PAGES/rx.lua,4,12,279,0,61df6699,5fdfa87d
480x320,1.41,PAGES/simplified_tuning.lua,2,13,318,0,543ab5c8,607d5130
480x320,1.41,PAGES/vtx.lua,0,6,72,0,32267202,c2979815
480x320,1.42,CONFIRM/acc_cal.lua,4,1,5,0,70e726b5,0f0092c9
480x320,1.42,CONFIRM/pwm.lua,3,1,4,0,6269257e,7f806ecc
480x320,1.42,CONFIRM/vtx_tables.lua,3,1,4,0,46938b45,11d00265
480x320,1.42,PAGES/acc_trim.lua,1,2,10,0,9f387c63,b3db571a
480x320,1.42,PAGES/battery.lua,2,4,40,0,6a76387c,16ca1085
480x320,1.42,PAGES/failsafe.lua,3,6,90,0,b661123b,fbdf1a64
480x320,1.42,PAGES/filters1.lua,10,21,480,0,bbfc35db,4d5b43d7
480x320,1.42,PAGES/filters2.lua,2,6,84,0,295f1df2,aa06bb31
480x320,1.42,PAGES/gpspids.lua,7,7,98,0,4556a633,dc048276
480x320,1.42,PAGES/pid_advanced.lua,4,13,306,0,4442e242,37b587ba
480x320,1.42,PAGES/pids1.lua,7,9,144,0,02b683b4,16d5381f
480x320,1.42,PAGES/pids2.lua,8,9,180,0,7b6397d4,2c748dd0
480x320,1.42,PAGES/pos_osd.lua,5,5,50,0,aefa03b0,a6781d05
480x320,1.42,PAGES/profiles.lua,0,2,8,0,b883f513,21f6f6cf
480x320,1.42,PAGES/pwm.lua,2,6,84,0,2765f55e,31895d61
480x320,1.42,PAGES/rates.lua,13,15,510,0,412691f0,18497bb7
480x320,1.42,PAGES/rescue.lua,1,9,171,0,2b76909f,6bdf3317
480x320,1.42,PAGES/rx.lua,4,13,304,0,3c03212d,71531bb0
480x320,1.42,PAGES/simplified_tuning.lua,2,13,318,0,a880d7c9,fc7d8ada
480x320,1.42,PAGES/vtx.lua,0,6,72,0,6772907a,4442ceb1
480x320,1.43,CONFIRM/acc_cal.lua,4,1,5,0,75c3b702,1afc6ef2
480x320,1.43,CONFIRM/pwm.lua,3,1,4,0,6ecf6f38,f62f4a92
480x320,1.43,CONFIRM/vtx_tables.lua,3,1,4,0,02e8c54f,35a6851b
480x320,1.43,PAGES/acc_trim.lua,1,2,10,0,7105998a,924ba366
480x320,1.43,PAGES/battery.lua,2,4,40,0,8a0d6548,cb804581
480x320,1.43,PAGES/failsafe.lua,3,6,90,0,987d7f48,76966f28
480x320,1.43,PAGES/filters1.lua,10,21,480,0,34dfafcc,4bbda8a7
480x320,1.43,PAGES/filters2.lua,2,6,84,0,14899701,c1a63d53
480x320,1.43,PAGES/gpspids.lua,7,7,98,0,83566c2b,86b9af26
480x320,1.43,PAGES/pid_advanced.lua,4,15,359,0,58bb846d,d239976f
480x320,1.43,PAGES/pids1.lua,7,9,144,0,3edbafa4,d9276da1
480x320,1.43,PAGES/pids2.lua,8,9,180,0,12b738cb,10a61c2a
480x320,1.43,PAGES/pos_osd.lua,5,5,50,0,af3feb84,07ada0bd
480x320,1.43,PAGES/profiles.lua,0,2,8,0,a5b7a4d7,55bea167
480x320,1.43,PAGES/pwm.lua,2,4,40,0,ffc12497,25859e69
480x320,1.43,PAGES/rates.lua,13,16,540,0,f1e03336,6429f858
480x320,1.43,PAGES/rescue.lua,1,13,327,0,285bc762,a105aa72
480x320,1.43,PAGES/rx.lua,4,11,248,0,5a309857,4f6fcd09
480x320,1.43,PAGES/simplified_tuning.lua,2,13,318,0,e6ba5b82,d6ea3c04
480x320,1.43,PAGES/vtx.lua,0,6,72,0,94714a72,29f65935
480x320,1.44,CONFIRM/acc_cal.lua,4,1,5,0,93aba727,4af35bd3
480x320,1.44,CONFIRM/pwm.lua,3,1,4,0,fbc02b6e,370aca10
480x320,1.44,CONFIRM/vtx_tables.lua,3,1,4,0,bb1c39f1,1c44788d
480x320,1.44,PAGES/acc_trim.lua,1,2,10,0,bc8e0f49,ac5c845a
480x320,1.44,PAGES/battery.lua,2,4,40,0,91d0a618,493be845
480x320,1.44,PAGES/failsafe.lua,3,6,90,0,c828b09d,92378d1c
480x320,1.44,PAGES/filters1.lua,10,21,480,0,b15dd331,e8493993
480x320,1.44,PAGES/filters2.lua,2,6,84,0,79134e05,eadaac55
480x320,1.44,PAGES/gpspids.lua,7,7,98,0,956852fb,baaefa12
480x320,1.44,PAGES/pid_advanced.lua,4,16,384,0,0b06a972,39910484
480x320,1.44,PAGES/pids1.lua,7,9,144,0,9d25bba3,177cc810
480x320,1.44,PAGES/pids2.lua,8,14,390,0,a6179e4c,a0cecfbb
480x320,1.44,PAGES/pos_osd.lua,5,5,50,0,d89c9484,92066ca9
480x320,1.44,PAGES/profiles.lua,0,2,8,0,0178717b,ee9dd003
480x320,1.44,PAGES/pwm.lua,2,6,84,0,f039f1f1,d12fd7b9
480x320,1.44,PAGES/rates.lua,13,16,540,0,63ac1731,800a6fac
480x320,1.44,PAGES/rescue.lua,1,14,354,0,17dce321,95428225
480x320,1.44,PAGES/rx.lua,4,8,160,0,f4f5dab8,2d57cfe1
480x320,1.44,PAGES/simplified_tuning.lua,2,13,318,0,ce6e25c3,98e74322
480x320,1.44,PAGES/vtx.lua,0,6,72,0,5334d55a,7cab4681
480x320,1.45,CONFIRM/acc_cal.lua,4,1,5,0,61b2b1ec,acbac34c
480x320,1.45,CONFIRM/pwm.lua,3,1,4,0,522b6454,d65233e2
480x320,1.45,CONFIRM/vtx_tables.lua,3,1,4,0,180b33c7,9049d9ef
480x320,1.45,PAGES/acc_trim.lua,1,2,10,0,aedbcdd0,67841f7e
480x320,1.45,PAGES/battery.lua,2,4,40,0,e7508c1c,a3d92919
480x320,1.45,PAGES/failsafe.lua,3,6,90,0,9140e1c2,a9639a90
480x320,1.45,PAGES/filters1.lua,10,21,480,0,d1719d4a,054c3375
480x320,1.45,PAGES/filters2.lua,2,6,84,0,c97ea7e5,dde7ee2d
480x320,1.45,PAGES/gpspids.lua,7,7,98,0,1a5f4a4b,44d49762
480x320,1.45,PAGES/pid_advanced.lua,5,17,410,0,8f86ba3f,37fc56e3
480x320,1.45,PAGES/pids1.lua,7,9,144,0,f6e8a7e7,4676d32e
480x320,1.45,PAGES/pids2.lua,8,14,390,0,e6acaca2,45a44de3
480x320,1.45,PAGES/pos_osd.lua,5,5,50,0,137b2440,2bd5d749
480x320,1.45,PAGES/profiles.lua,0,2,8,0,59737b6f,1c76d503
480x320,1.45,PAGES/pwm.lua,2,6,84,0,a518504d,3b1550c1
480x320,1.45,PAGES/rates.lua,12,14,434,0,e91c64d4,7612b131
480x320,1.45,PAGES/rescue.lua,1,14,354,0,387a5f8c,752d2a27
480x320,1.45,PAGES/rx.lua,4,8,160,0,9bec6e92,1fc668bd
480x320,1.45,PAGES/simplified_tuning.lua,2,13,318,0,1485c3c4,68564710
480x320,1.45,PAGES/vtx.lua,0,6,72,0,e8c33eba,bfb6c605
480x320,1.46,CONFIRM/acc_cal.lua,4,1,5,0,99b0ead1,2d6735fd
480x320,1.46,CONFIRM/pwm.lua,3,1,4,0,691294e6,bdbc1d0c
480x320,1.46,CONFIRM/vtx_tables.lua,3,1,4,0,5b30186d,2324b3c5
480x320,1.46,PAGES/acc_trim.lua,1,2,10,0,60748a3f,fc422172
480x320,1.46,PAGES/battery.lua,2,4,40,0,f8b71afc,3a9e5b7d
480x320,1.46,PAGES/failsafe.lua,3,6,90,0,c9530a57,c748e80c
480x320,1.46,PAGES/filters1.lua,10,21,480,0,4460b747,bb301253
480x320,1.46,PAGES/filters2.lua,2,6,84,0,6db35dd9,6a85c589
480x320,1.46,PAGES/gpspids.lua,7,7,98,0,17841c9b,04fd4576
480x320,1.46,PAGES/pid_advanced.lua,5,17,410,0,7320df05,ad30bfc1
480x320,1.46,PAGES/pids1.lua,7,9,144,0,60c328f3,a6a59d08
480x320,1.46,PAGES/pids2.lua,8,14,390,0,ec1e10b0,f0ca46b3
480x320,1.46,PAGES/pos_osd.lua,5,5,50,0,204c3828,57a5e38d
480x320,1.46,PAGES/profiles.lua,0,2,8,0,d1ae8dab,350ec4c7
480x320,1.46,PAGES/pwm.lua,2,6,84,0,0645c8c5,ecb4c211
480x320,1.46,PAGES/rates.lua,12,14,434,0,6d232132,0ac1ae4d
480x320,1.46,PAGES/rescue.lua,1,14,354,0,98e7293d,2a36406d
480x320,1.46,PAGES/rx.lua,4,8,160,0,3601bc10,c185cd11
480x320,1.46,PAGES/simplified_tuning.lua,2,13,318,0,90c655cd,8203e85a
480x320,1.46,PAGES/vtx.lua,0,6,72,0,29b9b0b2,c3d69e69
480x320,1.47,CONFIRM/acc_cal.lua,4,1,5,0,96eba376,6ea76e76
480x320,1.47,CONFIRM/pwm.lua,3,1,4,0,09ef6420,754145d2
480x320,1.47,CONFIRM/vtx_tables.lua,3,1,4,0,b6a1f26f,73ebf873
480x320,1.47,PAGES/acc_trim.lua,1,2,10,0,d324bbc6,fdfdd9b6
480x320,1.47,PAGES/battery.lua,2,4,40,0,6f1b13f8,2a7c7351
480x320,1.47,PAGES/failsafe.lua,3,6,90,0,a95ea774,d3ed9ce0
480x320,1.47,PAGES/filters1.lua,10,21,480,0,6c9bfdc8,7db080d1
480x320,1.47,PAGES/filters2.lua,2,6,84,0,4a09b9f1,221a5171
480x320,1.47,PAGES/gpspids.lua,7,7,98,0,293ed99b,7d6d615e
480x320,1.47,PAGES/pid_advanced.lua,5,17,410,0,02673e5b,fde740c7
480x320,1.47,PAGES/pids1.lua,7,9,144,0,33354c1f,a1dfa112
480x320,1.47,PAGES/pids2.lua,8,14,390,0,1d3217b2,91c22343
480x320,1.47,PAGES/pos_osd.lua,5,5,50,0,b0c4b664,0070b97d
480x320,1.47,PAGES/profiles.lua,0,2,8,0,6f9f4417,e4a68d07
480x320,1.47,PAGES/pwm.lua,2,6,84,0,a0c89369,6e2ab8b9
480x320,1.47,PAGES/rates.lua,12,14,434,0,94903938,0853fabd
480x320,1.47,PAGES/rescue.lua,1,14,354,0,bc61b306,0dcbff53
480x320,1.47,PAGES/rx.lua,4,7,126,0,a32d2953,97f99593
480x320,1.47,PAGES/simplified_tuning.lua,2,13,318,0,cc9ca30e,859b9dcc
480x320,1.47,PAGES/vtx.lua,0,6,72,0,52e7cc4a,f668fb45
480x320,1.48,CONFIRM/acc_cal.lua,4,1,5,0,c0c2df73,64d88ca7
480x320,1.48,CONFIRM/pwm.lua,3,1,4,0,83e04a26,f64c3a18
480x320,1.48,CONFIRM/vtx_tables.lua,3,1,4,0,8f409081,f44dd33d
480x320,1.48,PAGES/acc_trim.lua,1,2,10,0,dd00f265,03487bd2
480x320,1.48,PAGES/battery.lua,2,4,40,0,98cd2680,4d9e77fd
480x320,1.48,PAGES/failsafe.lua,3,6,90,0,3142f0a9,590b6764
480x320,1.48,PAGES/filters1.lua,10,21,480,0,a4eb54d5,c1ed37eb
480x320,1.48,PAGES/filters2.lua,2,6,84,0,3b57dc3d,8eb79505
480x320,1.48,PAGES/gpspids.lua,7,7,98,0,7c28f3e3,09cc53fa
480x320,1.48,PAGES/pid_advanced.lua,5,17,410,0,677f75e5,8efed0d1
480x320,1.48,PAGES/pids1.lua,7,9,144,0,7da34813,26265048
480x320,1.48,PAGES/pids2.lua,8,14,390,0,44fa1ffc,f0294973
480x320,1.48,PAGES/pos_osd.lua,5,5,50,0,b1c1b3a4,2fa4e289
480x320,1.48,PAGES/profiles.lua,0,3,18,0,db14dae7,ed9d53dd
480x320,1.48,PAGES/pwm.lua,2,6,84,0,209728d1,4d0da359
480x320,1.48,PAGES/rates.lua,12,14,434,0,f3e693aa,70261179
480x320,1.48,PAGES/rescue.lua,1,14,354,0,492f9587,dad5733d
480x320,1.48,PAGES/rx.lua,4,7,126,0,1deaa26a,03ed3989
480x320,1.48,PAGES/simplified_tuning.lua,2,13,318,0,5da01e47,45435722
480x320,1.48,PAGES/vtx.lua,0,6,72,0,4f57d002,55801de9
480x320,1.49,CONFIRM/acc_cal.lua,4,1,5,0,08c33690,f17db010
480x320,1.49,CONFIRM/pwm.lua,3,1,4,0,58291864,704eb262
480x320,1.49,CONFIRM/vtx_tables.lua,3,1,4,0,a93c69a7,8d52a85f
480x320,1.49,PAGES/acc_trim.lua,1,2,10,0,cf92706c,50b1856e
480x320,1.49,PAGES/battery.lua,2,4,40,0,53472d64,1a5a4a09
480x320,1.49,PAGES/failsafe.lua,3,6,90,0,2dd7c1ce,4b77e418
480x320,1.49,PAGES/filters1.lua,10,21,480,0,bacafb16,f33c042d
480x320,1.49,PAGES/filters2.lua,2,6,84,0,1723cc75,57ce3dfd
480x320,1.49,PAGES/gpspids.lua,7,7,98,0,b9c4cc0b,839eba02
480x320,1.49,PAGES/pid_advanced.lua,5,17,410,0,6d5830ff,ab92d023
480x320,1.49,PAGES/pids1.lua,7,9,144,0,de728d5f,4cc11a86
480x320,1.49,PAGES/pids2.lua,8,14,390,0,c11d4f12,19841eb3
480x320,1.49,PAGES/pos_osd.lua,5,5,50,0,728d7998,d363e0b1
480x320,1.49,PAGES/profiles.lua,0,3,18,0,e45f5d1e,dc462b17
480x320,1.49,PAGES/pwm.lua,2,6,84,0,73f86e8d,ef3680f1
480x320,1.49,PAGES/rates.lua,12,14,434,0,f4c5b174,cc4b3689
480x320,1.49,PAGES/rescue.lua,1,14,354,0,ed5baa40,292e41ef
480x320,1.49,PAGES/rx.lua,4,7,126,0,313755a1,37a0c223
480x320,1.49,PAGES/simplified_tuning.lua,2,13,318,0,68700e30,99c051c0
480x320,1.49,PAGES/vtx.lua,0,6,72,0,f091e3d2,cecff215
800x480,1.15,CONFIRM/acc_cal.lua,4,1,5,0,07be7660,2eedfd90
800x480,1.15,CONFIRM/pwm.lua,3,1,4,0,2eb7419e,ba8b8a7c
800x480,1.15,CONFIRM/vtx_tables.lua,3,1,4,0,ebf63791,fbb29f95
800x480,1.15,PAGES/acc_trim.lua,1,2,10,0,38e62205,847e90a0
800x480,1.15,PAGES/battery.lua,2,4,40,0,d737b0d1,a43f5c3d
800x480,1.15,PAGES/failsafe.lua,2,6,84,0,885db7e2,cfd20b47
800x480,1.15,PAGES/filters1.lua,0,0,0,0,811c9dc5,811c9dc5
800x480,1.15,PAGES/filters2.lua,0,0,0,0,811c9dc5,811c9dc5
800x480,1.15,PAGES/gpspids.lua,0,0,0,0,811c9dc5,811c9dc5
800x480,1.15,PAGES/pid_advanced.lua,0,0,0,0,811c9dc5,811c9dc5
800x480,1.15,PAGES/pids1.lua,0,0,0,0,811c9dc5,811c9dc5
800x480,1.15,PAGES/pids2.lua,0,0,0,0,811c9dc5,811c9dc5
800x480,1.15,PAGES/pos_osd.lua,5,5,50,0,e48b8808,9d81903f
800x480,1.15,PAGES/profiles.lua,0,2,8,0,bc4b1c40,0cc052f3
800x480,1.15,PAGES/pwm.lua,2,5,60,0,abfb0882,667c3a49
800x480,1.15,PAGES/rates.lua,0,0,0,0,811c9dc5,811c9dc5
800x480,1.15,PAGES/rescue.lua,0,0,0,0,811c9dc5,811c9dc5
800x480,1.15,PAGES/rx.lua,0,0,0,0,811c9dc5,811c9dc5
800x480,1.15,PAGES/simplified_tuning.lua,2,13,364,0,0276a8d8,8048f9f8
800x480,1.15,PAGES/vtx.lua,0,0,0,0,811c9dc5,811c9dc5
800x480,1.16,CONFIRM/acc_cal.lua,4,1,5,0,f920344f,263d30bf
800x480,1.16,CONFIRM/pwm.lua,3,1,4,0,b585fe32,3232d1f4
800x480,1.16,CONFIRM/vtx_tables.lua,3,1,4,0,d799706d,02cd1bc5
800x480,1.16,PAGES/acc_trim.lua,1,2,10,0,2c841478,e496f7a4
800x480,1.16,PAGES/battery.lua,2,4,40,0,5da9c885,b7163dd5
800x480,1.16,PAGES/failsafe.lua,2,6,84,0,802ed040,54050efb
800x480,1.16,PAGES/filters1.lua,3,3,27,0,5d93c576,329d9149
800x480,1.16,PAGES/filters2.lua,0,0,0,0,811c9dc5,811c9dc5
800x480,1.16,PAGES/gpspids.lua,0,0,0,0,811c9dc5,811c9dc5
800x480,1.16,PAGES/pid_advanced.lua,0,1,2,0,0e46f2f6,8f063604
800x480,1.16,PAGES/pids1.lua,7,8,120,0,5e007d46,88fbd2d9
800x480,1.16,PAGES/pids2.lua,0,0,0,0,811c9dc5,811c9dc5
800x480,1.16,PAGES/pos_osd.lua,5,5,50,0,7b7a9798,372cf83b
800x480,1.16,PAGES/profiles.lua,0,2,8,0,a33aaf70,92e2cc1f
800x480,1.16,PAGES/pwm.lua,2,5,60,0,f23b61f7,7a4ac4f7
800x480,1.16,PAGES/rates.lua,13,11,308,0,1f4f54a3,9e2e5679
800x480,1.16,PAGES/rescue.lua,0,0,0,0,811c9dc5,811c9dc5
800x480,1.16,PAGES/rx.lua,1,3,21,0,0adc77f5,e20531b5
800x480,1.16,PAGES/simplified_tuning.lua,2,13,364,0,e4a85fed,9a701572
800x480,1.16,PAGES/vtx.lua,0,0,0,0,811c9dc5,811c9dc5
800x480,1.18,CONFIRM/acc_cal.lua,4,1,5,0,9bb4d6c5,54ee57a9
800x480,1.18,CONFIRM/pwm.lua,3,1,4,0,b071975e,3b1fec98
800x480,1.18,CONFIRM/vtx_tables.lua,3,1,4,0,e2ce2a5d,f7f7f625
800x480,1.18,PAGES/acc_trim.lua,1,2,10,0,e0969fde,be77add4
800x480,1.18,PAGES/battery.lua,2,4,40,0,582753bd,f692a095
800x480,1.18,PAGES/failsafe.lua,2,6,84,0,e15ecb48,ea84b6db
800x480,1.18,PAGES/filters1.lua,3,3,27,0,075353ce,246fb203
800x480,1.18,PAGES/filters2.lua,0,0,0,0,811c9dc5,811c9dc5
800x480,1.18,PAGES/gpspids.lua,0,0,0,0,811c9dc5,811c9dc5
800x480,1.18,PAGES/pid_advanced.lua,0,1,2,0,52527dd4,fbfd217c
800x480,1.18,PAGES/pids1.lua,7,8,120,0,f58e2624,4762ab71
800x480,1.18,PAGES/pids2.lua,0,0,0,0,811c9dc5,811c9dc5
800x480,1.18,PAGES/pos_osd.lua,5,5,50,0,bf34bda8,b30a78a3
800x480,1.18,PAGES/profiles.lua,0,2,8,0,24606398,4a8b0afb
800x480,1.18,PAGES/pwm.lua,2,5,60,0,322f27b1,95f5503f
800x480,1.18,PAGES/rates.lua,13,11,308,0,a855002b,214cbae5
800x480,1.18,PAGES/rescue.lua,0,0,0,0,811c9dc5,811c9dc5
800x480,1.18,PAGES/rx.lua,1,3,21,0,cbddd7fd,804cdd8f
800x480,1.18,PAGES/simplified_tuning.lua,2,13,364,0,a8d8fbe7,22d315fa
800x480,1.18,PAGES/vtx.lua,0,0,0,0,811c9dc5,811c9dc5
800x480,1.2,CONFIRM/acc_cal.lua,4,1,5,0,c316ebc8,a827425c
800x480,1.2,CONFIRM/pwm.lua,3,1,4,0,d2b6445a,7bb2df3c
800x480,1.2,CONFIRM/vtx_tables.lua,3,1,4,0,adb77ba7,b490e51b
800x480,1.2,PAGES/acc_trim.lua,1,2,10,0,14c52591,b11bb344
800x480,1.2,PAGES/battery.lua,2,4,40,0,7e934029,c7082cf9
800x480,1.2,PAGES/failsafe.lua,2,6,84,0,97b020ea,afd036d5
800x480,1.2,PAGES/filters1.lua,5,7,133,0,f734be01,1d226194
800x480,1.2,PAGES/filters2.lua,0,0,0,0,811c9dc5,811c9dc5
800x480,1.2,PAGES/gpspids.lua,0,0,0,0,811c9dc5,811c9dc5
800x480,1.2,PAGES/pid_advanced.lua,0,1,2,0,f2d80583,f259a8e6
800x480,1.2,PAGES/pids1.lua,7,8,120,0,2e9588cb,a7bdf8b1
800x480,1.2,PAGES/pids2.lua,0,0,0,0,811c9dc5,811c9dc5
800x480,1.2,PAGES/pos_osd.lua,5,5,50,0,066a66a2,24b280a5
800x480,1.2,PAGES/profiles.lua,0,2,8,0,e4526cca,6c259cf3
800x480,1.2,PAGES/pwm.lua,2,5,60,0,deaa2956,c8fedb03
800x480,1.2,PAGES/rates.lua,13,11,308,0,3568c867,2a55529f
800x480,1.2,PAGES/rescue.lua,0,0,0,0,811c9dc5,811c9dc5
800x480,1.2,PAGES/rx.lua,1,5,55,0,ee6248b8,92061a23
800x480,1.2,PAGES/simplified_tuning.lua,2,13,364,0,4fbe5a0c,7b9e9002
800x480,1.2,PAGES/vtx.lua,0,0,0,0,811c9dc5,811c9dc5
800x480,1.21,CONFIRM/acc_cal.lua,4,1,5,0,574006bd,d4b40101
800x480,1.21,CONFIRM/pwm.lua,3,1,4,0,33aba4ee,cbc36c00
800x480,1.21,CONFIRM/vtx_tables.lua,3,1,4,0,d7b937bd,46dde5f5
800x480,1.21,PAGES/acc_trim.lua,1,2,10,0,b87d28be,08516b88
800x480,1.21,PAGES/battery.lua,2,4,40,0,98468715,37dac07d
800x480,1.21,PAGES/failsafe.lua,2,6,84,0,8d639188,961ebd9f
800x480,1.21,PAGES/filters1.lua,6,9,216,0,39ed6c2f,0c21f9cc
800x480,1.21,PAGES/filters2.lua,0,0,0,0,811c9dc5,811c9dc5
800x480,1.21,PAGES/gpspids.lua,0,0,0,0,811c9dc5,811c9dc5
800x480,1.21,PAGES/pid_advanced.lua,0,1,2,0,b43c5c24,5fae03e8
800x480,1.21,PAGES/pids1.lua,7,8,120,0,609f0be8,e67b1511
800x480,1.21,PAGES/pids2.lua,1,2,10,0,ddfe493f,0bd870bc
800x480,1.21,PAGES/pos_osd.lua,5,5,50,0,165014e4,6512ffcb
800x480,1.21,PAGES/profiles.lua,0,2,8,0,28d8dc38,3178d647
800x480,1.21,PAGES/pwm.lua,2,5,60,0,6cde3e77,0ecfda43
800x480,1.21,PAGES/rates.lua,13,11,308,0,8451c773,7943670d
800x480,1.21,PAGES/rescue.lua,0,0,0,0,811c9dc5,811c9dc5
800x480,1.21,PAGES/rx.lua,1,5,55,0,ad385c78,4bab5824
800x480,1.21,PAGES/simplified_tuning.lua,2,13,364,0,cb850f2f,42131e9e
800x480,1.21,PAGES/vtx.lua,0,0,0,0,811c9dc5,811c9dc5
800x480,1.26,CONFIRM/acc_cal.lua,4,1,5,0,58d19ca6,a07f63ca
800x480,1.26,CONFIRM/pwm.lua,3,1,4,0,2f1b5cda,6f601910
800x480,1.26,CONFIRM/vtx_tables.lua,3,1,4,0,b4f0ecb9,1def67bd
800x480,1.26,PAGES/acc_trim.lua,1,2,10,0,d0e7ec3f,41aecc68
800x480,1.26,PAGES/battery.lua,2,4,40,0,0320baa5,295cdca5
800x480,1.26,PAGES/failsafe.lua,2,6,84,0,f1408452,f8fcca03
800x480,1.26,PAGES/filters1.lua,6,9,216,0,dd412c2e,1f2b0320
800x480,1.26,PAGES/filters2.lua,0,0,0,0,811c9dc5,811c9dc5
800x480,1.26,PAGES/gpspids.lua,0,0,0,0,811c9dc5,811c9dc5
800x480,1.26,PAGES/pid_advanced.lua,0,1,2,0,3432cc7d,a1917d30
800x480,1.26,PAGES/pids1.lua,7,8,120,0,0046f9e1,dd63d511
800x480,1.26,PAGES/pids2.lua,1,2,10,0,992ad882,1f81e654
800x480,1.26,PAGES/pos_osd.lua,5,5,50,0,ef80f3d0,b1604a0b
800x480,1.26,PAGES/profiles.lua,0,2,8,0,1f579304,0035e283
800x480,1.26,PAGES/pwm.lua,2,5,60,0,edcb2a18,14bfdbdd
800x480,1.26,PAGES/rates.lua,13,11,308,0,dcde66b1,62b22639
800x480,1.26,PAGES/rescue.lua,0,0,0,0,811c9dc5,811c9dc5
800x480,1.26,PAGES/rx.lua,1,5,55,0,da1d05c0,966ca883
800x480,1.26,PAGES/simplified_tuning.lua,2,13,364,0,343596de,2ed66d94
800x480,1.26,PAGES/vtx.lua,0,0,0,0,811c9dc5,811c9dc5
800x480,1.31,CONFIRM/acc_cal.lua,4,1,5,0,b586ab62,21b64d9e
800x480,1.31,CONFIRM/pwm.lua,3,1,4,0,f3dd9d02,50b35c18
800x480,1.31,CONFIRM/vtx_tables.lua,3,1,4,0,cc44f8d5,31e72bd1
800x480,1.31,PAGES/acc_trim.lua,1,2,10,0,44825d6f,1fb24b18
800x480,1.31,PAGES/battery.lua,2,4,40,0,a23e2789,d8650e55
800x480,1.31,PAGES/failsafe.lua,2,6,84,0,caeb0176,23a4cdbb
800x480,1.31,PAGES/filters1.lua,6,9,216,0,5bcce10e,6643bb84
800x480,1.31,PAGES/filters2.lua,0,0,0,0,811c9dc5,811c9dc5
800x480,1.31,PAGES/gpspids.lua,0,0,0,0,811c9dc5,811c9dc5
800x480,1.31,PAGES/pid_advanced.lua,1,3,21,0,d618f755,c9fdd5ce
800x480,1.31,PAGES/pids1.lua,7,8,120,0,36c37ed5,6318f461
800x480,1.31,PAGES/pids2.lua,1,2,10,0,4c2bfd46,b2db5c54
800x480,1.31,PAGES/pos_osd.lua,5,5,50,0,6d9753d4,faa5a74b
800x480,1.31,PAGES/profiles.lua,0,2,8,0,f753e174,01593eef
800x480,1.31,PAGES/pwm.lua,2,7,112,0,0433ac2f,ed4643b7
800x480,1.31,PAGES/rates.lua,13,11,308,0,0b219481,4e32aafd
800x480,1.31,PAGES/rescue.lua,0,0,0,0,811c9dc5,811c9dc5
800x480,1.31,PAGES/rx.lua,1,6,78,0,36a3779f,1ea337ce
800x480,1.31,PAGES/simplified_tuning.lua,2,13,364,0,58b6c70e,bdd42e40
800x480,1.31,PAGES/vtx.lua,0,0,0,0,811c9dc5,811c9dc5
800x480,1.33,CONFIRM/acc_cal.lua,4,1,5,0,e07e952c,d880dd6c
800x480,1.33,CONFIRM/pwm.lua,3,1,4,0,7296d59e,1fbff53c
800x480,1.33,CONFIRM/vtx_tables.lua,3,1,4,0,23e5900d,1fb41a59
800x480,1.33,PAGES/acc_trim.lua,1,2,10,0,f2bb29b9,d03c7138
800x480,1.33,PAGES/battery.lua,2,4,40,0,da5a4d41,b24e474d
800x480,1.33,PAGES/failsafe.lua,2,6,84,0,2381d2aa,b8f23f03
800x480,1.33,PAGES/filters1.lua,6,9,216,0,d870c8f8,bd428630
800x480,1.33,PAGES/filters2.lua,0,0,0,0,811c9dc5,811c9dc5
800x480,1.33,PAGES/gpspids.lua,0,0,0,0,811c9dc5,811c9dc5
800x480,1.33,PAGES/pid_advanced.lua,1,3,21,0,7913afed,a74057f8
800x480,1.33,PAGES/pids1.lua,7,8,120,0,22f63edf,2fbd2201
800x480,1.33,PAGES/pids2.lua,1,2,10,0,649265e8,184206d0
800x480,1.33,PAGES/pos_osd.lua,5,5,50,0,b949fba4,462a0eb3
800x480,1.33,PAGES/profiles.lua,0,2,8,0,cb240324,f50cb5cb
800x480,1.33,PAGES/pwm.lua,2,7,112,0,46e5aaad,c9d4eb6b
800x480,1.33,PAGES/rates.lua,13,11,308,0,4630b605,f364ed51
800x480,1.33,PAGES/rescue.lua,0,0,0,0,811c9dc5,811c9dc5
800x480,1.33,PAGES/rx.lua,1,6,78,0,c1ba336d,c5572afa
800x480,1.33,PAGES/simplified_tuning.lua,2,13,364,0,67a2b0bc,e9d9ea8c
800x480,1.33,PAGES/vtx.lua,0,0,0,0,811c9dc5,811c9dc5
800x480,1.35,CONFIRM/acc_cal.lua,4,1,5,0,dd50bed6,cd6b7a3a
800x480,1.35,CONFIRM/pwm.lua,3,1,4,0,4be6043a,10af37e0
800x480,1.35,CONFIRM/vtx_tables.lua,3,1,4,0,3965cdd5,6e6671f1
800x480,1.35,PAGES/acc_trim.lua,1,2,10,0,a9a040e3,9bc6e718
800x480,1.35,PAGES/battery.lua,2,4,40,0,dc7fe711,c9c21b45
800x480,1.35,PAGES/failsafe.lua,2,6,84,0,2e72d79e,46a913ab
800x480,1.35,PAGES/filters1.lua,6,9,216,0,bf6614da,c5eca8ec
800x480,1.35,PAGES/filters2.lua,0,0,0,0,811c9dc5,811c9dc5
800x480,1.35,PAGES/gpspids.lua,0,0,0,0,811c9dc5,811c9dc5
800x480,1.35,PAGES/pid_advanced.lua,1,3,21,0,402a55b5,ad281ce2
800x480,1.35,PAGES/pids1.lua,7,8,120,0,6628da59,84697e89
800x480,1.35,PAGES/pids2.lua,1,2,10,0,b394a7aa,fd00a9bc
800x480,1.35,PAGES/pos_osd.lua,5,5,50,0,227d79dc,bb1d52a3
800x480,1.35,PAGES/profiles.lua,0,2,8,0,60ae0a04,49e65cd7
800x480,1.35,PAGES/pwm.lua,2,7,112,0,4fe01653,aa46f8af
800x480,1.35,PAGES/rates.lua,13,11,308,0,4d561f11,81acc535
800x480,1.35,PAGES/rescue.lua,0,0,0,0,811c9dc5,811c9dc5
800x480,1.35,PAGES/rx.lua,1,6,78,0,de1ad9d3,5381b586
800x480,1.35,PAGES/simplified_tuning.lua,2,13,364,0,095bbcca,383b6ae0
800x480,1.35,PAGES/vtx.lua,0,0,0,0,811c9dc5,811c9dc5
800x480,1.36,CONFIRM/acc_cal.lua,4,1,5,0,f9a7dbc9,6d21dfb5
800x480,1.36,CONFIRM/pwm.lua,3,1,4,0,2d8ebb3e,66f75358
800x480,1.36,CONFIRM/vtx_tables.lua,3,1,4,0,435a0901,3dc8bbb1
800x480,1.36,PAGES/acc_trim.lua,1,2,10,0,975d4d0e,6f18f0c8
800x480,1.36,PAGES/battery.lua,2,4,40,0,08e96771,a774348d
800x480,1.36,PAGES/failsafe.lua,2,6,84,0,2e237148,bee48797
800x480,1.36,PAGES/filters1.lua,6,10,241,0,3e719728,507b865c
800x480,1.36,PAGES/filters2.lua,0,0,0,0,811c9dc5,811c9dc5
800x480,1.36,PAGES/gpspids.lua,0,0,0,0,811c9dc5,811c9dc5
800x480,1.36,PAGES/pid_advanced.lua,2,4,40,0,a375560c,eda6cf9d
800x480,1.36,PAGES/pids1.lua,7,8,120,0,c12139f4,e96f2661
800x480,1.36,PAGES/pids2.lua,1,2,10,0,f87dc493,9563b544
800x480,1.36,PAGES/pos_osd.lua,5,5,50,0,6f7e4178,9d23667b
800x480,1.36,PAGES/profiles.lua,0,2,8,0,0adaf790,ba53c893
800x480,1.36,PAGES/pwm.lua,2,7,112,0,7fcd6bb0,ae50a6c4
800x480,1.36,PAGES/rates.lua,13,11,308,0,483644cf,b2fb92f1
800x480,1.36,PAGES/rescue.lua,0,0,0,0,811c9dc5,811c9dc5
800x480,1.36,PAGES/rx.lua,1,6,78,0,5a1c9eb0,91029990
800x480,1.36,PAGES/simplified_tuning.lua,2,13,364,0,e835b767,776397ee
800x480,1.36,PAGES/vtx.lua,0,6,72,0,f918bbd8,8e0a00e7
800x480,1.37,CONFIRM/acc_cal.lua,4,1,5,0,8a45a140,8f0fc818
800x480,1.37,CONFIRM/pwm.lua,3,1,4,0,ad8ca9ae,9c2d07ac
800x480,1.37,CONFIRM/vtx_tables.lua,3,1,4,0,cbba1c7d,62aac349
800x480,1.37,PAGES/acc_trim.lua,1,2,10,0,ce25cbcd,c4b7eca8
800x480,1.37,PAGES/battery.lua,2,4,40,0,7a435c19,18b0fc0d
800x480,1.37,PAGES/failsafe.lua,2,6,84,0,9f046dda,6aaefc43
800x480,1.37,PAGES/filters1.lua,6,10,241,0,7ddc4f0a,e5d50af5
800x480,1.37,PAGES/filters2.lua,0,0,0,0,811c9dc5,811c9dc5
800x480,1.37,PAGES/gpspids.lua,0,0,0,0,811c9dc5,811c9dc5
800x480,1.37,PAGES/pid_advanced.lua,2,4,40,0,404cc144,a3fc2951
800x480,1.37,PAGES/pids1.lua,7,8,120,0,4e8c4bb3,aa4a9609
800x480,1.37,PAGES/pids2.lua,1,2,10,0,b4d19bac,f39a34c0
800x480,1.37,PAGES/pos_osd.lua,5,5,50,0,8e4ddc8c,ca88876b
800x480,1.37,PAGES/profiles.lua,0,2,8,0,705d13d4,f3dfcd5b
800x480,1.37,PAGES/pwm.lua,2,7,112,0,1fd53305,03f1b1c4
800x480,1.37,PAGES/rates.lua,13,13,390,0,c578161e,9e771250
800x480,1.37,PAGES/rescue.lua,0,0,0,0,811c9dc5,811c9dc5
800x480,1.37,PAGES/rx.lua,1,6,78,0,45ae67c1,a05acd4a
800x480,1.37,PAGES/simplified_tuning.lua,2,13,364,0,c4669a28,96549e44
800x480,1.37,PAGES/vtx.lua,0,6,72,0,f57d2f8f,de28b96b
800x480,1.38,CONFIRM/acc_cal.lua,4,1,5,0,78af802b,199890b3
800x480,1.38,CONFIRM/pwm.lua,3,1,4,0,4c497c5a,2dc8651c
800x480,1.38,CONFIRM/vtx_tables.lua,3,1,4,0,a05862a1,d01a2c21
800x480,1.38,PAGES/acc_trim.lua,1,2,10,0,a96df998,71179a28
800x480,1.38,PAGES/battery.lua,2,4,40,0,d41b6919,7e4e3a0d
800x480,1.38,PAGES/failsafe.lua,2,6,84,0,b5732040,27c0a8c7
800x480,1.38,PAGES/filters1.lua,6,10,241,0,8854d1f4,3b5c8c62
800x480,1.38,PAGES/filters2.lua,0,0,0,0,811c9dc5,811c9dc5
800x480,1.38,PAGES/gpspids.lua,0,0,0,0,811c9dc5,811c9dc5
800x480,1.38,PAGES/pid_advanced.lua,2,4,40,0,47e9aaf4,6e55800d
800x480,1.38,PAGES/pids1.lua,7,8,120,0,f37dc546,066f9799
800x480,1.38,PAGES/pids2.lua,1,2,10,0,1f48c4c5,b772d388
800x480,1.38,PAGES/pos_osd.lua,5,5,50,0,ee59abd8,d7db4ec3
800x480,1.38,PAGES/profiles.lua,0,2,8,0,4b790218,1addcf5f
800x480,1.38,PAGES/pwm.lua,2,7,112,0,38601dde,dd8fdd8c
800x480,1.38,PAGES/rates.lua,13,13,390,0,0f6c8a60,62a25928
800x480,1.38,PAGES/rescue.lua,0,0,0,0,811c9dc5,811c9dc5
800x480,1.38,PAGES/rx.lua,1,6,78,0,c65d9156,318bc7d8
800x480,1.38,PAGES/simplified_tuning.lua,2,13,364,0,a37ac5ed,254db006
800x480,1.38,PAGES/vtx.lua,0,6,72,0,fae59a8d,ae40551f
800x480,1.39,CONFIRM/acc_cal.lua,4,1,5,0,501103ca,1830a3d6
800x480,1.39,CONFIRM/pwm.lua,3,1,4,0,3df9cb12,7a389008
800x480,1.39,CONFIRM/vtx_tables.lua,3,1,4,0,4c94ec65,ff6e2091
800x480,1.39,PAGES/acc_trim.lua,1,2,10,0,d22930e7,b5296ef8
800x480,1.39,PAGES/battery.lua,2,4,40,0,6e854cd9,312e20a5
800x480,1.39,PAGES/failsafe.lua,3,6,90,0,c72d4111,b9dce99e
800x480,1.39,PAGES/filters1.lua,8,14,355,0,b411bf39,2e58ff7f
800x480,1.39,PAGES/filters2.lua,0,0,0,0,811c9dc5,811c9dc5
800x480,1.39,PAGES/gpspids.lua,0,0,0,0,811c9dc5,811c9dc5
800x480,1.39,PAGES/pid_advanced.lua,2,4,40,0,d832f79c,6344acd9
800x480,1.39,PAGES/pids1.lua,7,8,120,0,c36a8b0d,c4b2a6a1
800x480,1.39,PAGES/pids2.lua,1,2,10,0,f3e35592,fd370ed4
800x480,1.39,PAGES/pos_osd.lua,5,5,50,0,2c1f7cb4,0a2358ab
800x480,1.39,PAGES/profiles.lua,0,2,8,0,ebda9264,5a4f55ef
800x480,1.39,PAGES/pwm.lua,2,7,112,0,5db96f03,a58386f4
800x480,1.39,PAGES/rates.lua,13,13,390,0,2479ca56,8230db60
800x480,1.39,PAGES/rescue.lua,0,0,0,0,811c9dc5,811c9dc5
800x480,1.39,PAGES/rx.lua,1,6,78,0,ccda1cf7,8238615e
800x480,1.39,PAGES/simplified_tuning.lua,2,13,364,0,e261a646,c9734810
800x480,1.39,PAGES/vtx.lua,0,6,72,0,d47cbb63,2341d5ab
800x480,1.4,CONFIRM/acc_cal.lua,4,1,5,0,55ba1512,4a9efeea
800x480,1.4,CONFIRM/pwm.lua,3,1,4,0,f663ee8e,7b0baa98
800x480,1.4,CONFIRM/vtx_tables.lua,3,1,4,0,f568395f,59b17eb3
800x480,1.4,PAGES/acc_trim.lua,1,2,10,0,2bd030db,bd7d20e8
800x480,1.4,PAGES/battery.lua,2,4,40,0,dc17c96d,57038439
800x480,1.4,PAGES/failsafe.lua,3,6,90,0,436ce429,a8bb108e
800x480,1.4,PAGES/filters1.lua,8,14,355,0,4b4ef8cd,19f1b671
800x480,1.4,PAGES/filters2.lua,0,0,0,0,811c9dc5,811c9dc5
800x480,1.4,PAGES/gpspids.lua,0,0,0,0,811c9dc5,811c9dc5
800x480,1.4,PAGES/pid_advanced.lua,4,12,315,0,05355344,38288811
800x480,1.4,PAGES/pids1.lua,7,8,120,0,65a47571,ddbcb139
800x480,1.4,PAGES/pids2.lua,6,4,44,0,a7b44074,9860e059
800x480,1.4,PAGES/pos_osd.lua,5,5,50,0,f0760c0e,eb5a66a5
800x480,1.4,PAGES/profiles.lua,0,2,8,0,4e1a4b3e,84bb67e7
800x480,1.4,PAGES/pwm.lua,2,7,112,0,02fb3663,3244745a
800x480,1.4,PAGES/rates.lua,13,13,390,0,abb65722,7144c5e6
800x480,1.4,PAGES/rescue.lua,0,0,0,0,811c9dc5,811c9dc5
800x480,1.4,PAGES/rx.lua,4,12,315,0,e5a97a6c,77f962cd
800x480,1.4,PAGES/simplified_tuning.lua,2,13,364,0,565fe03e,85b5237a
800x480,1.4,PAGES/vtx.lua,0,6,72,0,882bb2c7,69d7f1f3
800x480,1.41,CONFIRM/acc_cal.lua,4,1,5,0,d8ee10a3,d30d51b3
800x480,1.41,CONFIRM/pwm.lua,3,1,4,0,db50f632,497c15ac
800x480,1.41,CONFIRM/vtx_tables.lua,3,1,4,0,5fb55019,f29df8f9
800x480,1.41,PAGES/acc_trim.lua,1,2,10,0,5852e704,86bc3e70
800x480,1.41,PAGES/battery.lua,2,4,40,0,2b5ee895,7dd11925
800x480,1.41,PAGES/failsafe.lua,3,6,90,0,eaeb5e06,02d3be7c
800x480,1.41,PAGES/filters1.lua,10,21,547,0,f29274da,47c747f9
800x480,1.41,PAGES/filters2.lua,0,0,0,0,811c9dc5,811c9dc5
800x480,1.41,PAGES/gpspids.lua,7,7,98,0,610741d5,129edde4
800x480,1.41,PAGES/pid_advanced.lua,4,13,344,0,b1e1ec37,2eda13a0
800x480,1.41,PAGES/pids1.lua,7,9,144,0,1c437ef2,970cb441
800x480,1.41,PAGES/pids2.lua,8,9,180,0,6f078360,c7c62141
800x480,1.41,PAGES/pos_osd.lua,5,5,50,0,50b0a2f8,f10f4d07
800x480,1.41,PAGES/profiles.lua,0,2,8,0,001d7c8c,ba9b9b6b
800x480,1.41,PAGES/pwm.lua,2,6,84,0,36c2f32e,a1f7f8c7
800x480,1.41,PAGES/rates.lua,13,15,510,0,b9af5970,244f6b0a
800x480,1.41,PAGES/rescue.lua,1,9,171,0,1b9ea154,dd5cbff5
800x480,1.41,PAGES/rx.lua,4,12,315,0,c03962f8,ebb97abe
800x480,1.41,PAGES/simplified_tuning.lua,2,13,364,0,58915719,2e99f6ca
800x480,1.41,PAGES/vtx.lua,0,6,72,0,735c223d,cff1fd47
800x480,1.42,CONFIRM/acc_cal.lua,4,1,5,0,75aac32c,926afc24
800x480,1.42,CONFIRM/pwm.lua,3,1,4,0,e42a598e,8e1c5834
800x480,1.42,CONFIRM/vtx_tables.lua,3,1,4,0,91138d1d,53ca1359
800x480,1.42,PAGES/acc_trim.lua,1,2,10,0,b73b00e1,a30e37dc
800x480,1.42,PAGES/battery.lua,2,4,40,0,bf14a669,cc90f9ad
800x480,1.42,PAGES/failsafe.lua,3,6,90,0,1fd3b5a3,23c7219e
800x480,1.42,PAGES/filters1.lua,10,21,547,0,0b751ec3,a6ff810c
800x480,1.42,PAGES/filters2.lua,2,6,84,0,846cd4b6,790fe8eb
800x480,1.42,PAGES/gpspids.lua,7,7,98,0,53efe9ed,227ee944
800x480,1.42,PAGES/pid_advanced.lua,4,13,344,0,bab4e50e,d9423fbb
800x480,1.42,PAGES/pids1.lua,7,9,144,0,e38a597c,79d7f62d
800x480,1.42,PAGES/pids2.lua,8,9,180,0,de18c7d1,b9fa35eb
800x480,1.42,PAGES/pos_osd.lua,5,5,50,0,a695f208,095e94d3
800x480,1.42,PAGES/profiles.lua,0,2,8,0,3668466c,4d94675f
800x480,1.42,PAGES/pwm.lua,2,6,84,0,37381c4e,66363ecb
800x480,1.42,PAGES/rates.lua,13,15,510,0,5b940c40,15126448
800x480,1.42,PAGES/rescue.lua,1,9,171,0,bf53c392,eaf5296c
800x480,1.42,PAGES/rx.lua,4,13,344,0,0d3f9bbf,ed28fe44
800x480,1.42,PAGES/simplified_tuning.lua,2,13,364,0,bcf9de34,0630fa04
800x480,1.42,PAGES/vtx.lua,0,6,72,0,871f7837,e67f6f2b
800x480,1.43,CONFIRM/acc_cal.lua,4,1,5,0,402b4cfd,b41c8d81
800x480,1.43,CONFIRM/pwm.lua,3,1,4,0,518e4266,edb1cba0
800x480,1.43,CONFIRM/vtx_tables.lua,3,1,4,0,51e771b1,ce7af881
800x480,1.43,PAGES/acc_trim.lua,1,2,10,0,5d31e352,ee0d8b2c
800x480,1.43,PAGES/battery.lua,2,4,40,0,670938e1,d8543edd
800x480,1.43,PAGES/failsafe.lua,3,6,90,0,bd3280d0,a9928a74
800x480,1.43,PAGES/filters1.lua,10,21,547,0,a7cadc04,79d80053
800x480,1.43,PAGES/filters2.lua,2,6,84,0,1255fc2f,2958872d
800x480,1.43,PAGES/gpspids.lua,7,7,98,0,902a68bd,30b8a858
800x480,1.43,PAGES/pid_advanced.lua,4,15,412,0,89b8ff81,24c703af
800x480,1.43,PAGES/pids1.lua,7,9,144,0,89c64a6e,c38156a5
800x480,1.43,PAGES/pids2.lua,8,9,180,0,c21980e2,446fc7d9
800x480,1.43,PAGES/pos_osd.lua,5,5,50,0,a10a2244,936cbddb
800x480,1.43,PAGES/profiles.lua,0,2,8,0,be49e438,3a1892ff
800x480,1.43,PAGES/pwm.lua,2,4,40,0,36198256,088dde11
800x480,1.43,PAGES/rates.lua,13,16,576,0,ee807982,b735b51b
800x480,1.43,PAGES/rescue.lua,1,13,351,0,d1f611c9,908ec719
800x480,1.43,PAGES/rx.lua,4,11,286,0,4a8f88d0,ba7f5f80
800x480,1.43,PAGES/simplified_tuning.lua,2,13,364,0,e4e87a33,decde62a
800x480,1.43,PAGES/vtx.lua,0,6,72,0,3c859751,72f13fa7
800x480,1.44,CONFIRM/acc_cal.lua,4,1,5,0,10a71cae,a040898a
800x480,1.44,CONFIRM/pwm.lua,3,1,4,0,2f6c6ac2,8663af00
800x480,1.44,CONFIRM/vtx_tables.lua,3,1,4,0,42b796f5,aeb43461
800x480,1.44,PAGES/acc_trim.lua,1,2,10,0,e8d40767,91758990
800x480,1.44,PAGES/battery.lua,2,4,40,0,943b7ac5,f299b72d
800x480,1.44,PAGES/failsafe.lua,3,6,90,0,16303265,089a6032
800x480,1.44,PAGES/filters1.lua,10,21,547,0,6ed7c8f5,d01a1fb9
800x480,1.44,PAGES/filters2.lua,2,6,84,0,8dfd411b,756e7d1f
800x480,1.44,PAGES/gpspids.lua,7,7,98,0,8c73e91d,b29d50c0
800x480,1.44,PAGES/pid_advanced.lua,4,16,443,0,cc57e86f,0bb6d520
800x480,1.44,PAGES/pids1.lua,7,9,144,0,09ec1123,fad6259a
800x480,1.44,PAGES/pids2.lua,8,14,420,0,e08fd1c8,7a6e999e
800x480,1.44,PAGES/pos_osd.lua,5,5,50,0,673bb674,11d022cf
800x480,1.44,PAGES/profiles.lua,0,2,8,0,7f5fdfe0,3d2daceb
800x480,1.44,PAGES/pwm.lua,2,6,84,0,0fd5bfd3,9d1ab96f
800x480,1.44,PAGES/rates.lua,13,16,576,0,f693dba9,0bbca63f
800x480,1.44,PAGES/rescue.lua,1,14,406,0,ea926ace,b0d7cb3a
800x480,1.44,PAGES/rx.lua,4,8,160,0,4cda99dc,2f463191
800x480,1.44,PAGES/simplified_tuning.lua,2,13,364,0,31592c16,38692c50
800x480,1.44,PAGES/vtx.lua,0,6,72,0,aebf9f2f,ad618613
800x480,1.45,CONFIRM/acc_cal.lua,4,1,5,0,d3160d87,24df1757
800x480,1.45,CONFIRM/pwm.lua,3,1,4,0,29d3d862,0b4a5014
800x480,1.45,CONFIRM/vtx_tables.lua,3,1,4,0,b7833eb1,eb778ea1
800x480,1.45,PAGES/acc_trim.lua,1,2,10,0,1a1f5698,8ecaf900
800x480,1.45,PAGES/battery.lua,2,4,40,0,5f7fd3b5,3cca92a5
800x480,1.45,PAGES/failsafe.lua,3,6,90,0,743c41fa,cd537da4
800x480,1.45,PAGES/filters1.lua,10,21,547,0,2d780d16,1b2a3e88
800x480,1.45,PAGES/filters2.lua,2,6,84,0,3bcce25b,7c70487f
800x480,1.45,PAGES/gpspids.lua,7,7,98,0,4b6e3e2d,604daa6c
800x480,1.45,PAGES/pid_advanced.lua,5,17,471,0,a2f7ad00,b2b72381
800x480,1.45,PAGES/pids1.lua,7,9,144,0,78d0125d,523e6c9e
800x480,1.45,PAGES/pids2.lua,8,14,420,0,fe6706d2,e26afb0c
800x480,1.45,PAGES/pos_osd.lua,5,5,50,0,7f8a7918,31651a8f
800x480,1.45,PAGES/profiles.lua,0,2,8,0,149134d4,c4e40fd3
800x480,1.45,PAGES/pwm.lua,2,6,84,0,edcd6a13,cbc604af
800x480,1.45,PAGES/rates.lua,12,14,434,0,753222f1,7089b365
800x480,1.45,PAGES/rescue.lua,1,14,406,0,f2de547b,3fea0890
800x480,1.45,PAGES/rx.lua,4,8,160,0,df100022,66662e89
800x480,1.45,PAGES/simplified_tuning.lua,2,13,364,0,d4e5123d,a765e972
800x480,1.45,PAGES/vtx.lua,0,6,72,0,f1d8fd15,cdc8bbd7
800x480,1.46,CONFIRM/acc_cal.lua,4,1,5,0,6ec96bb0,d09c5e00
800x480,1.46,CONFIRM/pwm.lua,3,1,4,0,3a420e8e,8ad67e5c
800x480,1.46,CONFIRM/vtx_tables.lua,3,1,4,0,7cdc71dd,cb0edba9
800x480,1.46,PAGES/acc_trim.lua,1,2,10,0,61cef7c5,952c9cf4
800x480,1.46,PAGES/battery.lua,2,4,40,0,aac9a019,549e9e1d
800x480,1.46,PAGES/failsafe.lua,3,6,90,0,031dc567,2a476266
800x480,1.46,PAGES/filters1.lua,10,21,547,0,7ce110b7,6a780f07
800x480,1.46,PAGES/filters2.lua,2,6,84,0,d5c0cc67,129e2a6f
800x480,1.46,PAGES/gpspids.lua,7,7,98,0,aa0ab13d,63686f7c
800x480,1.46,PAGES/pid_advanced.lua,5,17,471,0,04e19b0e,2e61fd48
800x480,1.46,PAGES/pids1.lua,7,9,144,0,2852914f,ad2d1ebe
800x480,1.46,PAGES/pids2.lua,8,14,420,0,c1dd604c,1d1aab7e
800x480,1.46,PAGES/pos_osd.lua,5,5,50,0,43bf7450,0275eaeb
800x480,1.46,PAGES/profiles.lua,0,2,8,0,a9755c84,5f71e86f
800x480,1.46,PAGES/pwm.lua,2,6,84,0,73796bc3,2c440e3f
800x480,1.46,PAGES/rates.lua,12,14,434,0,81854eed,65345b25
800x480,1.46,PAGES/rescue.lua,1,14,406,0,19baa346,32510eca
800x480,1.46,PAGES/rx.lua,4,8,160,0,0bc9cb80,ec652a91
800x480,1.46,PAGES/simplified_tuning.lua,2,13,364,0,bceadad0,47eea5c4
800x480,1.46,PAGES/vtx.lua,0,6,72,0,79dd7f5f,fdcef183
800x480,1.47,CONFIRM/acc_cal.lua,4,1,5,0,7d6f89c1,c184fec5
800x480,1.47,CONFIRM/pwm.lua,3,1,4,0,4b4c407e,f25eabe0
800x480,1.47,CONFIRM/vtx_tables.lua,3,1,4,0,434b5519,3b7c6cf9
800x480,1.47,PAGES/acc_trim.lua,1,2,10,0,11b0de76,c28b9114
800x480,1.47,PAGES/battery.lua,2,4,40,0,77771259,523a25bd
800x480,1.47,PAGES/failsafe.lua,3,6,90,0,5f868714,6270014c
800x480,1.47,PAGES/filters1.lua,10,21,547,0,5f43ba10,d1a65b56
800x480,1.47,PAGES/filters2.lua,2,6,84,0,01b3e097,9bae5d0f
800x480,1.47,PAGES/gpspids.lua,7,7,98,0,d31daf15,21d58228
800x480,1.47,PAGES/pid_advanced.lua,5,17,471,0,140e4164,ce39ac07
800x480,1.47,PAGES/pids1.lua,7,9,144,0,4b5eff3d,af671e6a
800x480,1.47,PAGES/pids2.lua,8,14,420,0,43640152,49c0f828
800x480,1.47,PAGES/pos_osd.lua,5,5,50,0,08ccc62c,fa018e0b
800x480,1.47,PAGES/profiles.lua,0,2,8,0,46a5c098,2ec8a81f
800x480,1.47,PAGES/pwm.lua,2,6,84,0,db3affbb,3562f357
800x480,1.47,PAGES/rates.lua,12,14,434,0,d706906d,614f7659
800x480,1.47,PAGES/rescue.lua,1,14,406,0,2a1216ed,926d6cbc
800x480,1.47,PAGES/rx.lua,4,7,126,0,c42ace3e,7181fb2c
800x480,1.47,PAGES/simplified_tuning.lua,2,13,364,0,6e55be27,caab2932
800x480,1.47,PAGES/vtx.lua,0,6,72,0,e8137951,95c928d7
800x480,1.48,CONFIRM/acc_cal.lua,4,1,5,0,4ce88d32,d991fad6
800x480,1.48,CONFIRM/pwm.lua,3,1,4,0,5055a47a,b25b19b0
800x480,1.48,CONFIRM/vtx_tables.lua,3,1,4,0,d2469fa5,d5ee8da1
800x480,1.48,PAGES/acc_trim.lua,1,2,10,0,99861edb,6003ecb0
800x480,1.48,PAGES/battery.lua,2,4,40,0,62ee81ad,54ea399d
800x480,1.48,PAGES/failsafe.lua,3,6,90,0,2b1fb4f9,073056e2
800x480,1.48,PAGES/filters1.lua,10,21,547,0,28e63a79,6465de15
800x480,1.48,PAGES/filters2.lua,2,6,84,0,1586c5a3,f872628f
800x480,1.48,PAGES/gpspids.lua,7,7,98,0,29564f9d,00aa77c0
800x480,1.48,PAGES/pid_advanced.lua,5,17,471,0,d1e0a4ee,05b328be
800x480,1.48,PAGES/pids1.lua,7,9,144,0,197a5bf3,3b06040a
800x480,1.48,PAGES/pids2.lua,8,14,420,0,0ac7ba50,20f68ca6
800x480,1.48,PAGES/pos_osd.lua,5,5,50,0,0c64be74,c30a941f
800x480,1.48,PAGES/profiles.lua,0,3,18,0,1795f119,bfe6d56f
800x480,1.48,PAGES/pwm.lua,2,6,84,0,02439ebb,5bfe262f
800x480,1.48,PAGES/rates.lua,12,14,434,0,dcefdac9,8507c529
800x480,1.48,PAGES/rescue.lua,1,14,406,0,1850c350,57c1628a
800x480,1.48,PAGES/rx.lua,4,7,126,0,a691237f,b28a1884
800x480,1.48,PAGES/simplified_tuning.lua,2,13,364,0,89014562,a8ec6b88
800x480,1.48,PAGES/vtx.lua,0,6,72,0,6919bc67,9fe5faab
800x480,1.49,CONFIRM/acc_cal.lua,4,1,5,0,3b78694b,a39fb54b
800x480,1.49,CONFIRM/pwm.lua,3,1,4,0,d3c8e742,3cf61fdc
800x480,1.49,CONFIRM/vtx_tables.lua,3,1,4,0,e4945409,a306e2c9
800x480,1.49,PAGES/acc_trim.lua,1,2,10,0,f54663ec,c7f247f0
800x480,1.49,PAGES/battery.lua,2,4,40,0,aa435655,605a1db5
800x480,1.49,PAGES/failsafe.lua,3,6,90,0,eb32d31e,46a888fc
800x480,1.49,PAGES/filters1.lua,10,21,547,0,a4bd7b5a,fe9119dc
800x480,1.49,PAGES/filters2.lua,2,6,84,0,64714593,b2b96faf
800x480,1.49,PAGES/gpspids.lua,7,7,98,0,2b6d0515,1a8e51f4
800x480,1.49,PAGES/pid_advanced.lua,5,17,471,0,ea1f7938,b41955b5
800x480,1.49,PAGES/pids1.lua,7,9,144,0,2c99a1e5,921917e6
800x480,1.49,PAGES/pids2.lua,8,14,420,0,f4d54d62,d7ffd96c
800x480,1.49,PAGES/pos_osd.lua,5,5,50,0,a70de3f8,dd94fe37
800x480,1.49,PAGES/profiles.lua,0,3,18,0,c5304762,1cc9b0ab
800x480,1.49,PAGES/pwm.lua,2,6,84,0,90bbc7e3,8fe7c777
800x480,1.49,PAGES/rates.lua,12,14,434,0,ade6bfc9,9c773efd
800x480,1.49,PAGES/rescue.lua,1,14,406,0,a6e646cf,28714e88
800x480,1.49,PAGES/rx.lua,4,7,126,0,ea8bd6dc,96a7f7d8
800x480,1.49,PAGES/simplified_tuning.lua,2,13,364,0,f5f6f2f1,151c029a
800x480,1.49,PAGES/vtx.lua,0,6,72,0,ac660a0d,9ab3c567
